Generation,Fitness function uses,Best fitness,Average fitness,Median fitness,Worst Fitness,Population size,Std Population,Predicted class 1,Probability 1,Predicted class 2,Probability 2,Predicted class 3,Probability 3,Predicted class 4,Probability 4,Predicted class 5,Probability 5,crossover_function,selection_function,tournament_size,mutation_function,mutation_rate,mutation_variance,classes_to_avoid,max_change
1,140,0.0682116150856018,0.045957595109939575,0.04574906826019287,0.02921658754348755,70,139.92473201025734,espresso,0.9327524900436401,cup,0.008193247951567173,plate,0.002957712858915329,bakery,0.0016360810259357095,coffeepot,0.0015906232874840498,OnePointCrossover,TournamentSelection,4,ClippedUniformIntegerMutation,0.05,6,5,15
2,210,0.07902872562408447,0.055740851908922195,0.05351778864860535,0.04222309589385986,70,134.49578853914937,espresso,0.9221213459968567,cup,0.005847192369401455,bakery,0.0021166312508285046,plate,0.0020034858025610447,coffeepot,0.0015294176992028952,OnePointCrossover,TournamentSelection,4,ClippedUniformIntegerMutation,0.05,6,5,15
3,280,0.09342807531356812,0.067168228328228,0.06629142165184021,0.044911861419677734,70,124.72975232595554,espresso,0.9077563285827637,cup,0.01225307397544384,plate,0.003280983306467533,coffeepot,0.002209460362792015,bakery,0.0013465681113302708,OnePointCrossover,TournamentSelection,4,ClippedUniformIntegerMutation,0.05,6,5,15
4,350,0.10173237323760986,0.07356860488653183,0.07218676805496216,0.05784088373184204,70,108.7356775501005,espresso,0.899529755115509,cup,0.0076601398177444935,plate,0.002143210032954812,bakery,0.0020796963945031166,coffeepot,0.0016006187070161104,OnePointCrossover,TournamentSelection,4,ClippedUniformIntegerMutation,0.05,6,5,15
5,420,0.09916490316390991,0.08032650500535965,0.07991191744804382,0.060843825340270996,70,91.30885859978224,espresso,0.9020795226097107,cup,0.01129794679582119,plate,0.0034279045648872852,coffeepot,0.0023702692706137896,bakery,0.0014800415374338627,OnePointCrossover,TournamentSelection,4,ClippedUniformIntegerMutation,0.05,6,5,15
6,490,0.11302018165588379,0.08678486943244934,0.08721935749053955,0.06241816282272339,70,91.79861569010157,espresso,0.8883686065673828,cup,0.01294512115418911,plate,0.004127973690629005,coffeepot,0.002981032943353057,bakery,0.0015899690333753824,OnePointCrossover,TournamentSelection,4,ClippedUniformIntegerMutation,0.05,6,5,15
7,560,0.11068636178970337,0.09352496266365051,0.09381288290023804,0.07032334804534912,70,88.8898559841019,espresso,0.8907368779182434,cup,0.00839187577366829,plate,0.002341213868930936,bakery,0.0022734906524419785,coffeepot,0.0018475663382560015,OnePointCrossover,TournamentSelection,4,ClippedUniformIntegerMutation,0.05,6,5,15
8,630,0.11759155988693237,0.10066591948270798,0.10159888863563538,0.08205682039260864,70,78.68571886478315,espresso,0.8838579058647156,cup,0.01591830514371395,plate,0.004204787779599428,coffeepot,0.0032875477336347103,bagel,0.0014471232425421476,OnePointCrossover,TournamentSelection,4,ClippedUniformIntegerMutation,0.05,6,5,15
9,700,0.12398213148117065,0.10573671758174896,0.10604080557823181,0.08416825532913208,70,78.97339506586952,espresso,0.8775968551635742,cup,0.013889160007238388,plate,0.004357695579528809,coffeepot,0.002765499986708164,bakery,0.0016511492431163788,OnePointCrossover,TournamentSelection,4,ClippedUniformIntegerMutation,0.05,6,5,15
10,770,0.13497525453567505,0.112335704267025,0.11244747042655945,0.09852921962738037,70,78.26831093374186,espresso,0.8665727376937866,cup,0.012471050024032593,plate,0.0047075748443603516,coffeepot,0.002791104605421424,bakery,0.002085550921037793,OnePointCrossover,TournamentSelection,4,ClippedUniformIntegerMutation,0.05,6,5,15
11,840,0.13984429836273193,0.11837910115718842,0.11760464310646057,0.09570413827896118,70,72.44819579401651,espresso,0.8618566989898682,cup,0.01542966440320015,plate,0.004604693967849016,coffeepot,0.0033588605001568794,bakery,0.001711868098936975,OnePointCrossover,TournamentSelection,4,ClippedUniformIntegerMutation,0.05,6,5,15
12,910,0.1456693410873413,0.12649953365325928,0.12687963247299194,0.1032986044883728,70,65.73253583480579,espresso,0.8561686873435974,cup,0.016130462288856506,plate,0.004971612710505724,coffeepot,0.0033447821624577045,chocolate_sauce,0.0018487210618332028,OnePointCrossover,TournamentSelection,4,ClippedUniformIntegerMutation,0.05,6,5,15
13,980,0.15623503923416138,0.13307437300682068,0.13246509432792664,0.09938079118728638,70,59.89686439525748,espresso,0.8456929922103882,cup,0.013081725686788559,plate,0.0047426591627299786,coffeepot,0.003043185221031308,bakery,0.0021705960389226675,OnePointCrossover,TournamentSelection,4,ClippedUniformIntegerMutation,0.05,6,5,15
14,1050,0.16127628087997437,0.13938574492931366,0.1390310525894165,0.11793631315231323,70,57.457390582104395,espresso,0.8407573699951172,cup,0.015305101871490479,plate,0.004973278380930424,coffeepot,0.0034177734050899744,bakery,0.0021151930559426546,OnePointCrossover,TournamentSelection,4,ClippedUniformIntegerMutation,0.05,6,5,15
15,1120,0.16779488325119019,0.14627355337142944,0.14510571956634521,0.12016493082046509,70,52.59502687991674,espresso,0.8342345356941223,cup,0.014447095803916454,plate,0.005308404099196196,coffeepot,0.003217604011297226,bakery,0.0022823282051831484,OnePointCrossover,TournamentSelection,4,ClippedUniformIntegerMutation,0.05,6,5,15
16,1190,0.18322110176086426,0.15540412068367004,0.15689191222190857,0.1335752010345459,70,45.30564160251152,espresso,0.8190869092941284,cup,0.015588532201945782,plate,0.005863549187779427,coffeepot,0.003721072105690837,bakery,0.002440720098093152,OnePointCrossover,TournamentSelection,4,ClippedUniformIntegerMutation,0.05,6,5,15
17,1260,0.18470168113708496,0.15936961770057678,0.15839290618896484,0.13725972175598145,70,41.86438809747512,espresso,0.8175327777862549,cup,0.015501265414059162,plate,0.0056307013146579266,coffeepot,0.003630292136222124,bakery,0.002388638211414218,OnePointCrossover,TournamentSelection,4,ClippedUniformIntegerMutation,0.05,6,5,15
18,1330,0.18393903970718384,0.16584990918636322,0.16658923029899597,0.14353549480438232,70,38.38223870216954,espresso,0.8183166980743408,cup,0.016385285183787346,plate,0.005833333823829889,coffeepot,0.0036868418101221323,bakery,0.002369193360209465,OnePointCrossover,TournamentSelection,4,ClippedUniformIntegerMutation,0.05,6,5,15
19,1400,0.1880791187286377,0.17053422331809998,0.1712915003299713,0.15262305736541748,70,31.80137341609773,espresso,0.8141838908195496,cup,0.014995861798524857,plate,0.0058131348341703415,coffeepot,0.0035541285760700703,bakery,0.0026521901600062847,OnePointCrossover,TournamentSelection,4,ClippedUniformIntegerMutation,0.05,6,5,15
20,1470,0.19106465578079224,0.17747552692890167,0.17764192819595337,0.16178220510482788,70,31.45514109721304,espresso,0.8113540410995483,cup,0.02064329758286476,plate,0.006381474435329437,coffeepot,0.004124022088944912,chocolate_sauce,0.0024032597430050373,OnePointCrossover,TournamentSelection,4,ClippedUniformIntegerMutation,0.05,6,5,15
21,1540,0.1996893286705017,0.18083953857421875,0.1805867850780487,0.16543912887573242,70,32.153979224315606,espresso,0.8028595447540283,cup,0.020527197048068047,plate,0.006446642801165581,coffeepot,0.0042527662590146065,chocolate_sauce,0.0025713746435940266,OnePointCrossover,TournamentSelection,4,ClippedUniformIntegerMutation,0.05,6,5,15
22,1610,0.20494991540908813,0.1820949763059616,0.18259674310684204,0.15972298383712769,70,33.69150616329401,espresso,0.7972812056541443,cup,0.02010941319167614,plate,0.006386164575815201,coffeepot,0.004033736884593964,chocolate_sauce,0.002246108604595065,OnePointCrossover,TournamentSelection,4,ClippedUniformIntegerMutation,0.05,6,5,15
23,1680,0.2093268632888794,0.18719223141670227,0.18756812810897827,0.16542339324951172,70,35.014474428167794,espresso,0.793334424495697,cup,0.01818418689072132,plate,0.007180691231042147,coffeepot,0.004029370378702879,chocolate_sauce,0.002665967447683215,OnePointCrossover,TournamentSelection,4,ClippedUniformIntegerMutation,0.05,6,5,15
24,1750,0.22987163066864014,0.19158685207366943,0.19141626358032227,0.16348987817764282,70,36.159894825092685,espresso,0.772991418838501,cup,0.020376751199364662,plate,0.008124814368784428,coffeepot,0.004440891090780497,chocolate_sauce,0.002854520222172141,OnePointCrossover,TournamentSelection,4,ClippedUniformIntegerMutation,0.05,6,5,15
25,1820,0.2249864935874939,0.19962777197360992,0.19869524240493774,0.1780945062637329,70,36.509000199421756,espresso,0.777880072593689,cup,0.019633162766695023,plate,0.007675953675061464,coffeepot,0.004545679781585932,chocolate_sauce,0.002822867361828685,OnePointCrossover,TournamentSelection,4,ClippedUniformIntegerMutation,0.05,6,5,15
26,1890,0.23402971029281616,0.20555540919303894,0.20277005434036255,0.1873260736465454,70,36.79948936575369,espresso,0.7686187028884888,cup,0.021970247849822044,plate,0.007139282766729593,coffeepot,0.005216544959694147,chocolate_sauce,0.0026725323405116796,OnePointCrossover,TournamentSelection,4,ClippedUniformIntegerMutation,0.05,6,5,15
27,1960,0.22939574718475342,0.21089182794094086,0.20985716581344604,0.19102680683135986,70,36.441341942780866,espresso,0.7731965184211731,cup,0.020721016451716423,plate,0.007457495667040348,coffeepot,0.004458007402718067,chocolate_sauce,0.0025801854208111763,OnePointCrossover,TournamentSelection,4,ClippedUniformIntegerMutation,0.05,6,5,15
28,2030,0.24735665321350098,0.21570587158203125,0.21608871221542358,0.18809890747070312,70,37.67442954006787,espresso,0.7552116513252258,cup,0.021223198622465134,plate,0.007480571512132883,coffeepot,0.004227893427014351,bakery,0.0026719465386122465,OnePointCrossover,TournamentSelection,4,ClippedUniformIntegerMutation,0.05,6,5,15
29,2100,0.24213361740112305,0.21881790459156036,0.21849948167800903,0.1980266571044922,70,38.451697809504445,espresso,0.7608067393302917,cup,0.022234847769141197,plate,0.007036539725959301,coffeepot,0.004508386831730604,chocolate_sauce,0.002921532141044736,OnePointCrossover,TournamentSelection,4,ClippedUniformIntegerMutation,0.05,6,5,15
30,2170,0.26382243633270264,0.22511987388134003,0.22591111063957214,0.19420206546783447,70,38.42257486539585,espresso,0.7398932576179504,cup,0.025304609909653664,plate,0.009679512120783329,coffeepot,0.004733153618872166,chocolate_sauce,0.0037143190857023,OnePointCrossover,TournamentSelection,4,ClippedUniformIntegerMutation,0.05,6,5,15
31,2240,0.26286423206329346,0.23279742896556854,0.23064112663269043,0.20321893692016602,70,39.35692854991279,espresso,0.7402154803276062,cup,0.022680040448904037,plate,0.008189055137336254,coffeepot,0.004997969605028629,chocolate_sauce,0.0030674361623823643,OnePointCrossover,TournamentSelection,4,ClippedUniformIntegerMutation,0.05,6,5,15
32,2310,0.2781020998954773,0.2398253232240677,0.2401924729347229,0.20936065912246704,70,39.01163944154311,espresso,0.7258478999137878,cup,0.026214715093374252,plate,0.009470993652939796,coffeepot,0.005346627905964851,chocolate_sauce,0.003968622535467148,OnePointCrossover,TournamentSelection,4,ClippedUniformIntegerMutation,0.05,6,5,15
33,2380,0.27333760261535645,0.24726775288581848,0.24623259902000427,0.21258068084716797,70,37.32978811562911,espresso,0.7302432060241699,cup,0.02696867100894451,plate,0.009046878665685654,coffeepot,0.0055592735297977924,chocolate_sauce,0.0035388560499995947,OnePointCrossover,TournamentSelection,4,ClippedUniformIntegerMutation,0.05,6,5,15
34,2450,0.28505587577819824,0.25404664874076843,0.2523089051246643,0.229577898979187,70,34.99114247747406,espresso,0.7191463708877563,cup,0.03101256489753723,plate,0.010037392377853394,coffeepot,0.005130280740559101,chocolate_sauce,0.004179005511105061,OnePointCrossover,TournamentSelection,4,ClippedUniformIntegerMutation,0.05,6,5,15
35,2520,0.2873285412788391,0.2591448724269867,0.2580566108226776,0.2234981656074524,70,33.918092769033514,espresso,0.7169848084449768,cup,0.028564514592289925,plate,0.010588634759187698,coffeepot,0.0051177735440433025,chocolate_sauce,0.004345614463090897,OnePointCrossover,TournamentSelection,4,ClippedUniformIntegerMutation,0.05,6,5,15
36,2590,0.29788172245025635,0.26748737692832947,0.26803815364837646,0.23856377601623535,70,33.31352118803207,espresso,0.7064532041549683,cup,0.028203457593917847,plate,0.010745497420430183,coffeepot,0.004875263199210167,chocolate_sauce,0.004351343959569931,OnePointCrossover,TournamentSelection,4,ClippedUniformIntegerMutation,0.05,6,5,15
37,2660,0.30844372510910034,0.2770865261554718,0.27512985467910767,0.22986894845962524,70,33.90011679528617,espresso,0.6968907117843628,cup,0.03616296872496605,plate,0.011722240597009659,coffeepot,0.005733103025704622,chocolate_sauce,0.005296691320836544,OnePointCrossover,TournamentSelection,4,ClippedUniformIntegerMutation,0.05,6,5,15
38,2730,0.3127397298812866,0.2853291928768158,0.2862160801887512,0.2644203305244446,70,33.57518959500898,espresso,0.6916013360023499,cup,0.03314932808279991,plate,0.010617394000291824,coffeepot,0.005606251303106546,chocolate_sauce,0.004382418002933264,OnePointCrossover,TournamentSelection,4,ClippedUniformIntegerMutation,0.05,6,5,15
39,2800,0.32009971141815186,0.29194721579551697,0.2929724156856537,0.2596292495727539,70,33.52898850569448,espresso,0.6843899488449097,cup,0.03524550423026085,plate,0.010595227591693401,coffeepot,0.005909669678658247,chocolate_sauce,0.004491802770644426,OnePointCrossover,TournamentSelection,4,ClippedUniformIntegerMutation,0.05,6,5,15
40,2870,0.3241479992866516,0.29716387391090393,0.298517107963562,0.27174943685531616,70,34.271713188881726,espresso,0.6812463998794556,cup,0.038254331797361374,plate,0.012268365360796452,coffeepot,0.005788846407085657,wooden_spoon,0.005394115578383207,OnePointCrossover,TournamentSelection,4,ClippedUniformIntegerMutation,0.05,6,5,15
41,2940,0.3389911651611328,0.30633196234703064,0.30512112379074097,0.2809262275695801,70,35.706190980443225,espresso,0.6658027172088623,cup,0.037421196699142456,plate,0.011897786520421505,coffeepot,0.0061653656885027885,chocolate_sauce,0.004801394417881966,OnePointCrossover,TournamentSelection,4,ClippedUniformIntegerMutation,0.05,6,5,15
42,3010,0.3581673502922058,0.3168356716632843,0.31565406918525696,0.28043603897094727,70,34.82754617997531,espresso,0.6479281783103943,cup,0.04434654489159584,plate,0.012564470060169697,coffeepot,0.006542909424751997,wooden_spoon,0.006052488461136818,OnePointCrossover,TournamentSelection,4,ClippedUniformIntegerMutation,0.05,6,5,15
43,3080,0.37391549348831177,0.3237496614456177,0.32173991203308105,0.28028595447540283,70,34.79373677599654,espresso,0.6325904726982117,cup,0.048212409019470215,plate,0.013680350035429,coffeepot,0.006867044605314732,wooden_spoon,0.006533448584377766,OnePointCrossover,TournamentSelection,4,ClippedUniformIntegerMutation,0.05,6,5,15
44,3150,0.3689207434654236,0.33735391497612,0.33637189865112305,0.2990988492965698,70,32.59395277494535,espresso,0.637669026851654,cup,0.044379305094480515,plate,0.013649034313857555,coffeepot,0.006596296094357967,wooden_spoon,0.006581731140613556,OnePointCrossover,TournamentSelection,4,ClippedUniformIntegerMutation,0.05,6,5,15
45,3220,0.3717641234397888,0.3432252109050751,0.34476885199546814,0.3142354488372803,70,31.696226450838438,espresso,0.6349139213562012,cup,0.047438845038414,plate,0.013290361501276493,wooden_spoon,0.006682880688458681,coffeepot,0.006513544823974371,OnePointCrossover,TournamentSelection,4,ClippedUniformIntegerMutation,0.05,6,5,15
46,3290,0.3794717788696289,0.3447299301624298,0.343097060918808,0.3227989673614502,70,31.14708475725369,espresso,0.6273002624511719,cup,0.05222800746560097,plate,0.013796789571642876,coffeepot,0.006875950843095779,wooden_spoon,0.0067931292578577995,OnePointCrossover,TournamentSelection,4,ClippedUniformIntegerMutation,0.05,6,5,15
47,3360,0.3843470811843872,0.3536320924758911,0.35274645686149597,0.32789790630340576,70,31.793973435886063,espresso,0.6232497692108154,cup,0.04962513595819473,plate,0.014524735510349274,wooden_spoon,0.007586963474750519,coffeepot,0.007187989540398121,OnePointCrossover,TournamentSelection,4,ClippedUniformIntegerMutation,0.05,6,5,15
48,3430,0.3925371766090393,0.3567734956741333,0.35602468252182007,0.324191153049469,70,33.68435436384472,espresso,0.613957941532135,cup,0.053456854075193405,plate,0.01301618106663227,coffeepot,0.006938280072063208,wooden_spoon,0.006424321327358484,OnePointCrossover,TournamentSelection,4,ClippedUniformIntegerMutation,0.05,6,5,15
49,3500,0.39683467149734497,0.3627918064594269,0.363157719373703,0.333768367767334,70,34.43718358116445,espresso,0.6095646619796753,cup,0.052990835160017014,plate,0.012919253669679165,coffeepot,0.006887213792651892,wooden_spoon,0.006398331373929977,OnePointCrossover,TournamentSelection,4,ClippedUniformIntegerMutation,0.05,6,5,15
50,3570,0.39397722482681274,0.3671245574951172,0.3684035539627075,0.3319191336631775,70,35.2687866270086,espresso,0.6122933030128479,cup,0.051504138857126236,plate,0.012791025452315807,coffeepot,0.007069605868309736,wooden_spoon,0.006282730959355831,OnePointCrossover,TournamentSelection,4,ClippedUniformIntegerMutation,0.05,6,5,15
51,3640,0.3974043130874634,0.37438514828681946,0.37407946586608887,0.3431209325790405,70,35.49066433146685,espresso,0.6090596914291382,cup,0.05205585062503815,plate,0.014051576144993305,coffeepot,0.00744432071223855,wooden_spoon,0.006502638570964336,OnePointCrossover,TournamentSelection,4,ClippedUniformIntegerMutation,0.05,6,5,15
52,3710,0.4131830930709839,0.3790690302848816,0.3784358501434326,0.35581082105636597,70,36.213956924159305,espresso,0.5928542017936707,cup,0.053560350090265274,plate,0.012654534541070461,coffeepot,0.00798147264868021,wooden_spoon,0.006057984195649624,OnePointCrossover,TournamentSelection,4,ClippedUniformIntegerMutation,0.05,6,5,15
53,3780,0.4202461242675781,0.3836546540260315,0.3848247230052948,0.3536861538887024,70,37.347379098448016,espresso,0.5869251489639282,cup,0.060326140373945236,plate,0.013818757608532906,wooden_spoon,0.0071589103899896145,coffeepot,0.0071164448745548725,OnePointCrossover,TournamentSelection,4,ClippedUniformIntegerMutation,0.05,6,5,15
54,3850,0.4177212715148926,0.38890406489372253,0.3867413103580475,0.3551252484321594,70,36.798700732281354,espresso,0.5893219113349915,cup,0.05428145453333855,plate,0.013408571481704712,wooden_spoon,0.007032128982245922,coffeepot,0.006250259932130575,OnePointCrossover,TournamentSelection,4,ClippedUniformIntegerMutation,0.05,6,5,15
55,3920,0.4251266121864319,0.3926430344581604,0.3926234543323517,0.3557469844818115,70,37.73789827037136,espresso,0.582863986492157,cup,0.04966773837804794,plate,0.015020701102912426,wooden_spoon,0.008011503145098686,chocolate_sauce,0.007012447342276573,OnePointCrossover,TournamentSelection,4,ClippedUniformIntegerMutation,0.05,6,5,15
56,3990,0.42212992906570435,0.3950004577636719,0.3959708511829376,0.3521738648414612,70,37.9482972248875,espresso,0.5863010883331299,cup,0.05078462138772011,plate,0.014943106099963188,wooden_spoon,0.008446859195828438,chocolate_sauce,0.0066485037095844746,OnePointCrossover,TournamentSelection,4,ClippedUniformIntegerMutation,0.05,6,5,15
57,4060,0.4411974549293518,0.39989563822746277,0.40081822872161865,0.35822099447250366,70,37.80916338551701,espresso,0.5678370594978333,cup,0.061693932861089706,plate,0.016111446544528008,wooden_spoon,0.009006323292851448,coffeepot,0.007177194580435753,OnePointCrossover,TournamentSelection,4,ClippedUniformIntegerMutation,0.05,6,5,15
58,4130,0.44503939151763916,0.407106876373291,0.40361282229423523,0.37770897150039673,70,38.43480945753772,espresso,0.5635316967964172,cup,0.061025287955999374,plate,0.014494174160063267,wooden_spoon,0.008636653423309326,coffeepot,0.008079349994659424,OnePointCrossover,TournamentSelection,4,ClippedUniformIntegerMutation,0.05,6,5,15
59,4200,0.459486722946167,0.41444525122642517,0.4143621325492859,0.34966737031936646,70,39.48296825311592,espresso,0.5488124489784241,cup,0.06166740134358406,plate,0.014436866156756878,coffeepot,0.008471277542412281,wooden_spoon,0.008335827849805355,OnePointCrossover,TournamentSelection,4,ClippedUniformIntegerMutation,0.05,6,5,15
60,4270,0.45833855867385864,0.423669695854187,0.421753466129303,0.38248199224472046,70,38.92637192619925,espresso,0.5505456328392029,cup,0.061899539083242416,plate,0.015237417072057724,wooden_spoon,0.00892022904008627,coffeepot,0.00852117221802473,OnePointCrossover,TournamentSelection,4,ClippedUniformIntegerMutation,0.05,6,5,15
61,4340,0.4583766460418701,0.42624086141586304,0.42718470096588135,0.39201468229293823,70,39.44040237552187,espresso,0.5508049726486206,cup,0.07353172451257706,plate,0.016578376293182373,coffeepot,0.009636465460062027,wooden_spoon,0.009185762144625187,OnePointCrossover,TournamentSelection,4,ClippedUniformIntegerMutation,0.05,6,5,15
62,4410,0.45839357376098633,0.42845627665519714,0.43206632137298584,0.387475848197937,70,40.067846911692584,espresso,0.5502495765686035,cup,0.06529728323221207,plate,0.016894252970814705,coffeepot,0.008703552186489105,wooden_spoon,0.008678455837070942,OnePointCrossover,TournamentSelection,4,ClippedUniformIntegerMutation,0.05,6,5,15
63,4480,0.47768014669418335,0.44147881865501404,0.44204360246658325,0.39342111349105835,70,40.674432499312886,espresso,0.5322992205619812,cup,0.07025840878486633,plate,0.014957839623093605,wooden_spoon,0.009981051087379456,coffeepot,0.007348503451794386,OnePointCrossover,TournamentSelection,4,ClippedUniformIntegerMutation,0.05,6,5,15
64,4550,0.4907633662223816,0.4503379464149475,0.45044103264808655,0.40672576427459717,70,41.99050925519889,espresso,0.5196627378463745,cup,0.06512770801782608,plate,0.018657540902495384,wooden_spoon,0.010475626215338707,coffeepot,0.007404380477964878,OnePointCrossover,TournamentSelection,4,ClippedUniformIntegerMutation,0.05,6,5,15
65,4620,0.4887164831161499,0.454856276512146,0.4572353661060333,0.4090045690536499,70,41.55478364607418,espresso,0.5211716294288635,cup,0.06937691569328308,plate,0.01654074154794216,wooden_spoon,0.00988366175442934,coffeepot,0.006978763733059168,OnePointCrossover,TournamentSelection,4,ClippedUniformIntegerMutation,0.05,6,5,15
66,4690,0.5017281770706177,0.45488736033439636,0.4531265199184418,0.40931421518325806,70,40.16002703518914,espresso,0.5086566805839539,cup,0.07159789651632309,plate,0.015955571085214615,wooden_spoon,0.010394668206572533,chocolate_sauce,0.006880220957100391,OnePointCrossover,TournamentSelection,4,ClippedUniformIntegerMutation,0.05,6,5,15
67,4760,0.49505800008773804,0.46099743247032166,0.4614292085170746,0.41754013299942017,70,38.2350197152992,espresso,0.5163277387619019,cup,0.07336292415857315,plate,0.017606815323233604,wooden_spoon,0.01142052561044693,coffeepot,0.007297626696527004,OnePointCrossover,TournamentSelection,4,ClippedUniformIntegerMutation,0.05,6,5,15
68,4830,0.5080700516700745,0.46841201186180115,0.4688410460948944,0.4224777817726135,70,37.01816766483821,espresso,0.5024219155311584,cup,0.08270058780908585,plate,0.017361637204885483,wooden_spoon,0.010521640069782734,coffeepot,0.007692374289035797,OnePointCrossover,TournamentSelection,4,ClippedUniformIntegerMutation,0.05,6,5,15
69,4900,0.5285685062408447,0.4740566909313202,0.47452062368392944,0.4126909375190735,70,36.72487731971032,espresso,0.4855969250202179,cup,0.06727387756109238,plate,0.017840325832366943,wooden_spoon,0.014132392592728138,coffeepot,0.007954553700983524,OnePointCrossover,TournamentSelection,4,ClippedUniformIntegerMutation,0.05,6,5,15
70,4970,0.5368534326553345,0.48303931951522827,0.478188157081604,0.4376952052116394,70,37.235588826577825,espresso,0.4806322455406189,cup,0.06837623566389084,plate,0.020459095016121864,wooden_spoon,0.01749577932059765,chocolate_sauce,0.00784335657954216,OnePointCrossover,TournamentSelection,4,ClippedUniformIntegerMutation,0.05,6,5,15
71,5040,0.5384972095489502,0.49781331419944763,0.4958803951740265,0.44100314378738403,70,35.3177458491948,espresso,0.47581279277801514,cup,0.07014772295951843,plate,0.01882510632276535,wooden_spoon,0.014329503290355206,coffeepot,0.00716794840991497,OnePointCrossover,TournamentSelection,4,ClippedUniformIntegerMutation,0.05,6,5,15
72,5110,0.552973747253418,0.5129883885383606,0.5149092674255371,0.46989721059799194,70,35.05271284747476,espresso,0.4607055187225342,cup,0.08009442687034607,plate,0.018381495028734207,wooden_spoon,0.01372684258967638,chocolate_sauce,0.00759262777864933,OnePointCrossover,TournamentSelection,4,ClippedUniformIntegerMutation,0.05,6,5,15
73,5180,0.5635430812835693,0.5220961570739746,0.5210300087928772,0.47359174489974976,70,35.81261896543358,espresso,0.4495357573032379,cup,0.08109933882951736,plate,0.021555574610829353,wooden_spoon,0.013092149049043655,coffeepot,0.008010493591427803,OnePointCrossover,TournamentSelection,4,ClippedUniformIntegerMutation,0.05,6,5,15
74,5250,0.5732239484786987,0.5321708917617798,0.5300301313400269,0.48696911334991455,70,34.77745759106981,espresso,0.43989187479019165,cup,0.07788974791765213,plate,0.019502516835927963,wooden_spoon,0.013061885721981525,coffeepot,0.007877231575548649,OnePointCrossover,TournamentSelection,4,ClippedUniformIntegerMutation,0.05,6,5,15
75,5320,0.5862289667129517,0.5377865433692932,0.5370838046073914,0.4766215682029724,70,36.230456987385374,espresso,0.4278705418109894,cup,0.07564544677734375,plate,0.020932689309120178,wooden_spoon,0.014118630439043045,coffeepot,0.008314477279782295,OnePointCrossover,TournamentSelection,4,ClippedUniformIntegerMutation,0.05,6,5,15
76,5390,0.5900500416755676,0.5456058979034424,0.5452589988708496,0.504165530204773,70,36.91721343160519,espresso,0.4242633879184723,cup,0.08474447578191757,plate,0.019625307992100716,wooden_spoon,0.01434304192662239,coffeepot,0.008118736557662487,OnePointCrossover,TournamentSelection,4,ClippedUniformIntegerMutation,0.05,6,5,15
77,5460,0.5917195081710815,0.5504039525985718,0.5482116341590881,0.5065592527389526,70,37.546427410648036,espresso,0.42471715807914734,cup,0.08317064493894577,plate,0.017430268228054047,wooden_spoon,0.016463160514831543,chocolate_sauce,0.008450525812804699,OnePointCrossover,TournamentSelection,4,ClippedUniformIntegerMutation,0.05,6,5,15
78,5530,0.6034185886383057,0.5560778379440308,0.5546422004699707,0.5242704153060913,70,36.5423081504115,espresso,0.41216355562210083,cup,0.08203571289777756,plate,0.017706366255879402,wooden_spoon,0.015546957030892372,chocolate_sauce,0.008404376916587353,OnePointCrossover,TournamentSelection,4,ClippedUniformIntegerMutation,0.05,6,5,15
79,5600,0.5906651020050049,0.5622717142105103,0.5640701055526733,0.5251061916351318,70,36.24996268499712,espresso,0.42507556080818176,cup,0.08103793859481812,plate,0.017639944329857826,wooden_spoon,0.01583860069513321,chocolate_sauce,0.008623292669653893,OnePointCrossover,TournamentSelection,4,ClippedUniformIntegerMutation,0.05,6,5,15
80,5670,0.5964900255203247,0.5680772662162781,0.5711469650268555,0.5380772352218628,70,35.67588158777594,espresso,0.4207735061645508,cup,0.07818590104579926,plate,0.017487242817878723,wooden_spoon,0.01726837456226349,chocolate_sauce,0.008475025184452534,OnePointCrossover,TournamentSelection,4,ClippedUniformIntegerMutation,0.05,6,5,15
81,5740,0.6047996282577515,0.5706448554992676,0.5686097145080566,0.5360369682312012,70,36.635420802804695,espresso,0.41188791394233704,cup,0.08334623277187347,wooden_spoon,0.016720134764909744,plate,0.01660003513097763,chocolate_sauce,0.008475630544126034,OnePointCrossover,TournamentSelection,4,ClippedUniformIntegerMutation,0.05,6,5,15
82,5810,0.6083676218986511,0.5744860172271729,0.5750021934509277,0.5450656414031982,70,37.05417746861912,espresso,0.40747445821762085,cup,0.08895821869373322,plate,0.01832379214465618,wooden_spoon,0.015798188745975494,coffeepot,0.007979946210980415,OnePointCrossover,TournamentSelection,4,ClippedUniformIntegerMutation,0.05,6,5,15
83,5880,0.612358570098877,0.5808602571487427,0.5808588862419128,0.5522167086601257,70,37.07246380486365,espresso,0.40410783886909485,cup,0.07904810458421707,plate,0.0191692803055048,wooden_spoon,0.01648261770606041,coffeepot,0.0083110136911273,OnePointCrossover,TournamentSelection,4,ClippedUniformIntegerMutation,0.05,6,5,15
84,5950,0.6161403656005859,0.5848004817962646,0.5864983797073364,0.5360841751098633,70,39.369283991533166,espresso,0.40113964676856995,cup,0.08372168242931366,plate,0.023088382557034492,wooden_spoon,0.01732858270406723,chocolate_sauce,0.007738206535577774,OnePointCrossover,TournamentSelection,4,ClippedUniformIntegerMutation,0.05,6,5,15
85,6020,0.6278784275054932,0.5859886407852173,0.5857451558113098,0.5495963096618652,70,40.687765692230265,espresso,0.3907630145549774,cup,0.08999092876911163,plate,0.019860107451677322,wooden_spoon,0.018613848835229874,chocolate_sauce,0.009508966468274593,OnePointCrossover,TournamentSelection,4,ClippedUniformIntegerMutation,0.05,6,5,15
86,6090,0.631111204624176,0.5887268781661987,0.5885001420974731,0.5441910028457642,70,41.46781494161092,espresso,0.39032259583473206,cup,0.09063206613063812,wooden_spoon,0.021406788378953934,plate,0.020249929279088974,chocolate_sauce,0.009969177655875683,OnePointCrossover,TournamentSelection,4,ClippedUniformIntegerMutation,0.05,6,5,15
87,6160,0.6284582614898682,0.5946605205535889,0.5946520566940308,0.5632176399230957,70,41.78148089312871,espresso,0.3881310224533081,cup,0.090156190097332,plate,0.01927849091589451,wooden_spoon,0.016612200066447258,chocolate_sauce,0.009668872691690922,OnePointCrossover,TournamentSelection,4,ClippedUniformIntegerMutation,0.05,6,5,15
88,6230,0.6295000314712524,0.6001486778259277,0.600281834602356,0.5653037428855896,70,42.029257638244616,espresso,0.38876059651374817,cup,0.09163220971822739,plate,0.02065863646566868,wooden_spoon,0.018306367099285126,chocolate_sauce,0.008149857632815838,OnePointCrossover,TournamentSelection,4,ClippedUniformIntegerMutation,0.05,6,5,15
89,6300,0.6291898488998413,0.6004828810691833,0.600567638874054,0.5683576464653015,70,41.93659574086937,espresso,0.3876783847808838,cup,0.09150461852550507,plate,0.01900148019194603,wooden_spoon,0.016875572502613068,coffeepot,0.009056445211172104,OnePointCrossover,TournamentSelection,4,ClippedUniformIntegerMutation,0.05,6,5,15
90,6370,0.6364387273788452,0.6014912128448486,0.6004242897033691,0.5715150237083435,70,42.99878729781169,espresso,0.37829238176345825,cup,0.09807877987623215,plate,0.01871606335043907,wooden_spoon,0.014715692028403282,chocolate_sauce,0.008403032086789608,OnePointCrossover,TournamentSelection,4,ClippedUniformIntegerMutation,0.05,6,5,15
91,6440,0.6533211469650269,0.6067677140235901,0.6069037318229675,0.5708651542663574,70,44.258206332602946,espresso,0.36497387290000916,cup,0.09042287617921829,plate,0.020538803189992905,wooden_spoon,0.018285777419805527,chocolate_sauce,0.009856111370027065,OnePointCrossover,TournamentSelection,4,ClippedUniformIntegerMutation,0.05,6,5,15
92,6510,0.6486314535140991,0.6065258979797363,0.6044944524765015,0.5652864575386047,70,44.387028933869175,espresso,0.36921635270118713,cup,0.09207330644130707,plate,0.020008888095617294,wooden_spoon,0.017840838059782982,chocolate_sauce,0.009523860178887844,OnePointCrossover,TournamentSelection,4,ClippedUniformIntegerMutation,0.05,6,5,15
93,6580,0.653420090675354,0.6122146844863892,0.6117243766784668,0.5734121799468994,70,42.004563316285065,espresso,0.3687403202056885,cup,0.08386693894863129,wooden_spoon,0.022175505757331848,plate,0.019404610618948936,chocolate_sauce,0.01026531495153904,OnePointCrossover,TournamentSelection,4,ClippedUniformIntegerMutation,0.05,6,5,15
94,6650,0.664377748966217,0.6166155934333801,0.6172306537628174,0.5572057962417603,70,41.69824273350337,espresso,0.35445502400398254,cup,0.08367373049259186,plate,0.019318340346217155,wooden_spoon,0.018842969089746475,chocolate_sauce,0.009094439446926117,OnePointCrossover,TournamentSelection,4,ClippedUniformIntegerMutation,0.05,6,5,15
95,6720,0.6767387390136719,0.6234051585197449,0.6223229169845581,0.5952766537666321,70,40.57136249477101,espresso,0.3473895192146301,cup,0.0809955969452858,wooden_spoon,0.024099793285131454,plate,0.02157718315720558,chocolate_sauce,0.009171622805297375,OnePointCrossover,TournamentSelection,4,ClippedUniformIntegerMutation,0.05,6,5,15
96,6790,0.682115912437439,0.6347675323486328,0.6372275948524475,0.5787057876586914,70,39.94235357407168,espresso,0.34567350149154663,cup,0.08040004968643188,wooden_spoon,0.027786852791905403,plate,0.022708572447299957,chocolate_sauce,0.010349473915994167,OnePointCrossover,TournamentSelection,4,ClippedUniformIntegerMutation,0.05,6,5,15
97,6860,0.6840163469314575,0.64539635181427,0.6446252465248108,0.6096034049987793,70,40.82396831850664,espresso,0.34371766448020935,cup,0.0791994109749794,wooden_spoon,0.027785399928689003,plate,0.021741224452853203,chocolate_sauce,0.010333552956581116,OnePointCrossover,TournamentSelection,4,ClippedUniformIntegerMutation,0.05,6,5,15
98,6930,0.6930056214332581,0.653552770614624,0.6555746793746948,0.6246708631515503,70,40.439557589855056,espresso,0.3375420570373535,cup,0.07614512741565704,wooden_spoon,0.0305570587515831,plate,0.023943578824400902,chocolate_sauce,0.010538948699831963,OnePointCrossover,TournamentSelection,4,ClippedUniformIntegerMutation,0.05,6,5,15
99,7000,0.6998659372329712,0.6606821417808533,0.6560133695602417,0.6318380832672119,70,36.407088109931344,espresso,0.3308884799480438,cup,0.07927196472883224,wooden_spoon,0.030809639021754265,plate,0.024272654205560684,chocolate_sauce,0.011242547072470188,OnePointCrossover,TournamentSelection,4,ClippedUniformIntegerMutation,0.05,6,5,15
100,7070,0.6983339190483093,0.6676271557807922,0.6677619814872742,0.624297022819519,70,35.55349496879021,espresso,0.3304028809070587,cup,0.07977211475372314,wooden_spoon,0.02872186340391636,plate,0.02314354106783867,chocolate_sauce,0.01112558227032423,OnePointCrossover,TournamentSelection,4,ClippedUniformIntegerMutation,0.05,6,5,15
101,7140,0.7070110440254211,0.6729766130447388,0.6726664304733276,0.6335754990577698,70,35.105474677665995,espresso,0.3239994943141937,cup,0.07624302804470062,wooden_spoon,0.031041955575346947,plate,0.023836638778448105,chocolate_sauce,0.01116660051047802,OnePointCrossover,TournamentSelection,4,ClippedUniformIntegerMutation,0.05,6,5,15
102,7210,0.7126152515411377,0.6705380082130432,0.672301173210144,0.6199942827224731,70,33.504344148557124,espresso,0.32137688994407654,cup,0.07596167176961899,wooden_spoon,0.03402381017804146,plate,0.023278599604964256,chocolate_sauce,0.009909064508974552,OnePointCrossover,TournamentSelection,4,ClippedUniformIntegerMutation,0.05,6,5,15
103,7280,0.7102447748184204,0.6747140884399414,0.6753012537956238,0.6394274830818176,70,34.745644235786635,espresso,0.32401472330093384,cup,0.07422076910734177,wooden_spoon,0.03430676832795143,plate,0.023400606587529182,chocolate_sauce,0.011047059670090675,OnePointCrossover,TournamentSelection,4,ClippedUniformIntegerMutation,0.05,6,5,15
104,7350,0.7071894407272339,0.6763169169425964,0.6760185956954956,0.646337628364563,70,35.91025048953705,espresso,0.32847386598587036,cup,0.07813598960638046,wooden_spoon,0.0356498546898365,plate,0.024341700598597527,chocolate_sauce,0.01109022181481123,OnePointCrossover,TournamentSelection,4,ClippedUniformIntegerMutation,0.05,6,5,15
105,7420,0.7177186012268066,0.6819821000099182,0.6809687614440918,0.645161509513855,70,38.00284722551452,espresso,0.3201138377189636,cup,0.0847543254494667,wooden_spoon,0.03784296661615372,plate,0.024572832509875298,chocolate_sauce,0.01121016126126051,OnePointCrossover,TournamentSelection,4,ClippedUniformIntegerMutation,0.05,6,5,15
106,7490,0.7305123805999756,0.6853843331336975,0.6842018365859985,0.647936224937439,70,39.72658296239029,espresso,0.3098451793193817,cup,0.08779343962669373,wooden_spoon,0.04034650698304176,plate,0.02384609915316105,chocolate_sauce,0.012350731529295444,OnePointCrossover,TournamentSelection,4,ClippedUniformIntegerMutation,0.05,6,5,15
107,7560,0.7333403825759888,0.6905441284179688,0.6892056465148926,0.6414798498153687,70,39.7825936079741,espresso,0.3102757930755615,cup,0.08263135701417923,wooden_spoon,0.04364787042140961,plate,0.023393476381897926,chocolate_sauce,0.012105677276849747,OnePointCrossover,TournamentSelection,4,ClippedUniformIntegerMutation,0.05,6,5,15
108,7630,0.7358068227767944,0.6990743279457092,0.7009227871894836,0.6458113193511963,70,40.87795253976414,espresso,0.3060835599899292,cup,0.08335589617490768,wooden_spoon,0.041920069605112076,plate,0.02611362561583519,chocolate_sauce,0.012609141878783703,OnePointCrossover,TournamentSelection,4,ClippedUniformIntegerMutation,0.05,6,5,15
109,7700,0.7409740686416626,0.7036664485931396,0.7043726444244385,0.6750117540359497,70,39.314233372711406,espresso,0.3052527606487274,cup,0.07845717668533325,wooden_spoon,0.046307459473609924,plate,0.025007113814353943,chocolate_sauce,0.0120385205373168,OnePointCrossover,TournamentSelection,4,ClippedUniformIntegerMutation,0.05,6,5,15
110,7770,0.7421552538871765,0.7094320058822632,0.7090420722961426,0.6525861620903015,70,38.31054469108983,espresso,0.3003470301628113,cup,0.07468845695257187,wooden_spoon,0.04250795394182205,plate,0.027470452710986137,chocolate_sauce,0.011484140530228615,OnePointCrossover,TournamentSelection,4,ClippedUniformIntegerMutation,0.05,6,5,15
111,7840,0.7581008076667786,0.7138063311576843,0.7136355638504028,0.6805912256240845,70,38.27060302236221,espresso,0.28548216819763184,cup,0.08009657263755798,wooden_spoon,0.04365511238574982,plate,0.026332197710871696,chocolate_sauce,0.011204765178263187,OnePointCrossover,TournamentSelection,4,ClippedUniformIntegerMutation,0.05,6,5,15
112,7910,0.7569193243980408,0.7196885943412781,0.7205519676208496,0.6670395135879517,70,38.90706878351821,espresso,0.2975296378135681,cup,0.08090420067310333,wooden_spoon,0.05446423962712288,plate,0.02911551296710968,chocolate_sauce,0.012997581623494625,OnePointCrossover,TournamentSelection,4,ClippedUniformIntegerMutation,0.05,6,5,15
113,7980,0.7609211802482605,0.7239133715629578,0.7216154932975769,0.6915813684463501,70,40.0363277260313,espresso,0.2959991693496704,cup,0.0780378058552742,wooden_spoon,0.05693870782852173,plate,0.028495388105511665,chocolate_sauce,0.01392276119440794,OnePointCrossover,TournamentSelection,4,ClippedUniformIntegerMutation,0.05,6,5,15
114,8050,0.7672896385192871,0.7266762256622314,0.7292392253875732,0.675922691822052,70,40.988391495790225,espresso,0.2970786392688751,cup,0.08096718043088913,wooden_spoon,0.06437505781650543,plate,0.032312244176864624,chocolate_sauce,0.014417042024433613,OnePointCrossover,TournamentSelection,4,ClippedUniformIntegerMutation,0.05,6,5,15
115,8120,0.7622957229614258,0.7296283841133118,0.7323487997055054,0.6805167198181152,70,41.20329506785051,espresso,0.29564526677131653,cup,0.08235976845026016,wooden_spoon,0.057955868542194366,plate,0.02287611924111843,chocolate_sauce,0.011820252053439617,OnePointCrossover,TournamentSelection,4,ClippedUniformIntegerMutation,0.05,6,5,15
116,8190,0.783090353012085,0.7374580502510071,0.739942193031311,0.6765803098678589,70,39.98549120125291,espresso,0.29635465145111084,cup,0.08387470245361328,wooden_spoon,0.07941482961177826,plate,0.030785104259848595,chocolate_sauce,0.015365657396614552,OnePointCrossover,TournamentSelection,4,ClippedUniformIntegerMutation,0.05,6,5,15
117,8260,0.7967828512191772,0.7442134022712708,0.7435781359672546,0.6857495307922363,70,42.19293741953725,espresso,0.27853989601135254,wooden_spoon,0.07531321048736572,cup,0.06824897974729538,plate,0.02736651711165905,chocolate_sauce,0.013333490118384361,OnePointCrossover,TournamentSelection,4,ClippedUniformIntegerMutation,0.05,6,5,15
118,8330,0.8224776387214661,0.7528142929077148,0.7486196756362915,0.7058477401733398,70,42.93470228151266,espresso,0.2641817331314087,wooden_spoon,0.08668667823076248,cup,0.08332205563783646,plate,0.03117421641945839,chocolate_sauce,0.01341913640499115,OnePointCrossover,TournamentSelection,4,ClippedUniformIntegerMutation,0.05,6,5,15
119,8400,0.8126802444458008,0.7643147706985474,0.7617173790931702,0.7176729440689087,70,42.004303125032735,espresso,0.2677809000015259,wooden_spoon,0.08052318543195724,cup,0.07888668775558472,plate,0.03367321565747261,chocolate_sauce,0.013837629929184914,OnePointCrossover,TournamentSelection,4,ClippedUniformIntegerMutation,0.05,6,5,15
120,8470,0.8397912979125977,0.7700601816177368,0.7700455784797668,0.7260169982910156,70,41.02704828104812,espresso,0.2533310353755951,wooden_spoon,0.09307443350553513,cup,0.08330771327018738,plate,0.03420862555503845,chocolate_sauce,0.013450019992887974,OnePointCrossover,TournamentSelection,4,ClippedUniformIntegerMutation,0.05,6,5,15
121,8540,0.8427280187606812,0.7808494567871094,0.7781811356544495,0.7255167961120605,70,40.79082592634311,espresso,0.25901341438293457,wooden_spoon,0.10179993510246277,cup,0.07763782888650894,plate,0.03130514919757843,chocolate_sauce,0.013514228165149689,OnePointCrossover,TournamentSelection,4,ClippedUniformIntegerMutation,0.05,6,5,15
122,8610,0.8493601083755493,0.7993809580802917,0.7997883558273315,0.751038134098053,70,38.1684024232977,espresso,0.25701427459716797,wooden_spoon,0.106426902115345,cup,0.07195931673049927,plate,0.029382212087512016,chocolate_sauce,0.012887710705399513,OnePointCrossover,TournamentSelection,4,ClippedUniformIntegerMutation,0.05,6,5,15
123,8680,0.8636870384216309,0.8099388480186462,0.8094354867935181,0.7596467733383179,70,34.740238861653594,espresso,0.25296735763549805,wooden_spoon,0.11667684465646744,cup,0.07819575816392899,plate,0.032180383801460266,spatula,0.013844283297657967,OnePointCrossover,TournamentSelection,4,ClippedUniformIntegerMutation,0.05,6,5,15
124,8750,0.8702764511108398,0.8165211081504822,0.8151684999465942,0.7742831110954285,70,34.46420286088856,espresso,0.24913319945335388,wooden_spoon,0.1194862425327301,cup,0.07689344137907028,plate,0.03127136081457138,spatula,0.013437094166874886,OnePointCrossover,TournamentSelection,4,ClippedUniformIntegerMutation,0.05,6,5,15
125,8820,0.8791077136993408,0.8198920488357544,0.819494366645813,0.7801781892776489,70,33.93352657470858,espresso,0.2657347023487091,wooden_spoon,0.14488239586353302,cup,0.06320159882307053,plate,0.029705679044127464,spatula,0.014168198220431805,OnePointCrossover,TournamentSelection,4,ClippedUniformIntegerMutation,0.05,6,5,15
126,8890,0.8634555339813232,0.8230047225952148,0.8244040012359619,0.763068437576294,70,33.11259242939829,espresso,0.24787911772727966,wooden_spoon,0.11132210493087769,cup,0.07383634895086288,plate,0.02875959500670433,chocolate_sauce,0.013148505240678787,OnePointCrossover,TournamentSelection,4,ClippedUniformIntegerMutation,0.05,6,5,15
127,8960,0.884894847869873,0.8344680070877075,0.8349370956420898,0.7922022342681885,70,33.77093434798458,espresso,0.2648678421974182,wooden_spoon,0.14974276721477509,cup,0.06490273773670197,plate,0.030941475182771683,spatula,0.015416751615703106,OnePointCrossover,TournamentSelection,4,ClippedUniformIntegerMutation,0.05,6,5,15
128,9030,0.9018557071685791,0.8386833667755127,0.8401350975036621,0.7802044153213501,70,34.0687473222004,espresso,0.24869734048843384,wooden_spoon,0.15061989426612854,cup,0.0624842643737793,plate,0.03102884627878666,chocolate_sauce,0.013025946915149689,OnePointCrossover,TournamentSelection,4,ClippedUniformIntegerMutation,0.05,6,5,15
129,9100,0.9022348523139954,0.845427393913269,0.8437422513961792,0.7945778965950012,70,35.86382242544648,espresso,0.24604304134845734,wooden_spoon,0.1482185274362564,cup,0.06033046543598175,plate,0.029975805431604385,spatula,0.01401444710791111,OnePointCrossover,TournamentSelection,4,ClippedUniformIntegerMutation,0.05,6,5,15
130,9170,0.9099597930908203,0.8496477603912354,0.8511024117469788,0.7871551513671875,70,33.765728006005624,espresso,0.24908562004566193,wooden_spoon,0.15911701321601868,cup,0.05954086780548096,plate,0.034553464502096176,spatula,0.012403693981468678,OnePointCrossover,TournamentSelection,4,ClippedUniformIntegerMutation,0.05,6,5,15
131,9240,0.9136238694190979,0.8567082285881042,0.8569756746292114,0.7999700903892517,70,34.06340639083045,espresso,0.2578156590461731,wooden_spoon,0.17138081789016724,cup,0.06379400938749313,plate,0.03147303685545921,spatula,0.012595952488481998,OnePointCrossover,TournamentSelection,4,ClippedUniformIntegerMutation,0.05,6,5,15
132,9310,0.9174697399139404,0.8614478707313538,0.8617130517959595,0.8046838641166687,70,35.4665246911084,espresso,0.2552229166030884,wooden_spoon,0.17269404232501984,cup,0.05919544771313667,plate,0.03144528716802597,spatula,0.012640888802707195,OnePointCrossover,TournamentSelection,4,ClippedUniformIntegerMutation,0.05,6,5,15
133,9380,0.9257775545120239,0.8682056069374084,0.8699114322662354,0.8146577477455139,70,36.688416219679056,espresso,0.2385207861661911,wooden_spoon,0.1643816977739334,cup,0.06323270499706268,plate,0.0332571305334568,spatula,0.011889264918863773,OnePointCrossover,TournamentSelection,4,ClippedUniformIntegerMutation,0.05,6,5,15
134,9450,0.9236428737640381,0.872675359249115,0.8697086572647095,0.8139945864677429,70,37.000643664599856,espresso,0.24550186097621918,wooden_spoon,0.1691817045211792,cup,0.06310435384511948,plate,0.034052375704050064,spatula,0.012697367928922176,OnePointCrossover,TournamentSelection,4,ClippedUniformIntegerMutation,0.05,6,5,15
135,9520,0.9557167887687683,0.8818586468696594,0.8824799060821533,0.8142518997192383,70,37.49119212710973,espresso,0.2505345344543457,wooden_spoon,0.20634043216705322,cup,0.05762074142694473,plate,0.028023265302181244,spatula,0.014154651202261448,OnePointCrossover,TournamentSelection,4,ClippedUniformIntegerMutation,0.05,6,5,15
136,9590,0.9689027667045593,0.8864148855209351,0.883510172367096,0.7876111268997192,70,37.374706223034124,espresso,0.23643241822719574,wooden_spoon,0.20527808368206024,cup,0.058743979781866074,plate,0.0325033962726593,spatula,0.01448128279298544,OnePointCrossover,TournamentSelection,4,ClippedUniformIntegerMutation,0.05,6,5,15
137,9660,0.9797779321670532,0.8987299799919128,0.8992844223976135,0.8247624039649963,70,38.06635506895899,espresso,0.23285803198814392,wooden_spoon,0.21271878480911255,cup,0.05659523606300354,plate,0.030468929558992386,spatula,0.013934113085269928,OnePointCrossover,TournamentSelection,4,ClippedUniformIntegerMutation,0.05,6,5,15
138,9730,0.9617062211036682,0.9073708057403564,0.9091230630874634,0.8307493925094604,70,38.00904116054,espresso,0.24193565547466278,wooden_spoon,0.20365798473358154,cup,0.05955096706748009,plate,0.028904244303703308,spatula,0.014337386935949326,OnePointCrossover,TournamentSelection,4,ClippedUniformIntegerMutation,0.05,6,5,15
139,9800,0.9919876456260681,0.9154736995697021,0.9146357178688049,0.8418557047843933,70,38.68314345279692,espresso,0.24734582006931305,wooden_spoon,0.23929710686206818,cup,0.051604341715574265,plate,0.026599915698170662,spatula,0.014488456770777702,OnePointCrossover,TournamentSelection,4,ClippedUniformIntegerMutation,0.05,6,5,15
140,9870,1.01124906539917,0.9356209635734558,0.933683454990387,0.8583542108535767,70,39.53442210803665,wooden_spoon,0.2337154895067215,espresso,0.22241030633449554,cup,0.046427443623542786,plate,0.02892378345131874,spatula,0.01751364953815937,OnePointCrossover,TournamentSelection,4,ClippedUniformIntegerMutation,0.05,6,5,15
141,9940,1.0426928997039795,0.9508854746818542,0.9471186399459839,0.8627011775970459,70,40.41584328426845,wooden_spoon,0.27526116371154785,espresso,0.23249304294586182,cup,0.052911967039108276,plate,0.024443715810775757,spatula,0.013717079535126686,OnePointCrossover,TournamentSelection,4,ClippedUniformIntegerMutation,0.05,6,5,15
142,10010,1.0703662633895874,0.961911141872406,0.9584199786186218,0.8412131071090698,70,40.538944663146275,wooden_spoon,0.2907103896141052,espresso,0.22026120126247406,cup,0.05436473712325096,plate,0.026741746813058853,spatula,0.014486298896372318,OnePointCrossover,TournamentSelection,4,ClippedUniformIntegerMutation,0.05,6,5,15
143,10080,1.1117358207702637,0.9844309091567993,0.9773530960083008,0.8700834512710571,70,40.79405881733326,wooden_spoon,0.32740119099617004,espresso,0.2155495584011078,cup,0.040496934205293655,plate,0.026643725112080574,spatula,0.018096663057804108,OnePointCrossover,TournamentSelection,4,ClippedUniformIntegerMutation,0.05,6,5,15
144,10150,1.121339201927185,1.0204343795776367,1.0145328044891357,0.9200595617294312,70,40.30104454214968,wooden_spoon,0.3292694687843323,espresso,0.20779156684875488,cup,0.04400657117366791,plate,0.025791989639401436,spatula,0.01704213209450245,OnePointCrossover,TournamentSelection,4,ClippedUniformIntegerMutation,0.05,6,5,15
145,10220,1.1336402893066406,1.0441278219223022,1.0502901077270508,0.8870000839233398,70,38.633885268143935,wooden_spoon,0.3229132294654846,espresso,0.1890496015548706,cup,0.049683310091495514,plate,0.024902934208512306,spatula,0.018151313066482544,OnePointCrossover,TournamentSelection,4,ClippedUniformIntegerMutation,0.05,6,5,15
146,10290,1.2037172317504883,1.0658220052719116,1.0682580471038818,0.935698390007019,70,36.937303762164305,wooden_spoon,0.3793365955352783,espresso,0.17559902369976044,cup,0.03877725452184677,plate,0.024922726675868034,spatula,0.018480487167835236,OnePointCrossover,TournamentSelection,4,ClippedUniformIntegerMutation,0.05,6,5,15
