Generation,Fitness function uses,Best fitness,Average fitness,Median fitness,Worst Fitness,Population size,Std Population,Predicted class 1,Probability 1,Predicted class 2,Probability 2,Predicted class 3,Probability 3,Predicted class 4,Probability 4,Predicted class 5,Probability 5,crossover_function,selection_function,tournament_size,mutation_function,bounded_mutation_function,mutation_rate,mutation_variance,classes_to_avoid,max_change
1,80,0.06559616327285767,0.046501047909259796,0.0462319552898407,0.031203269958496094,40,137.50190168325895,espresso,0.9351678490638733,cup,0.008188021369278431,plate,0.0016339404974132776,coffeepot,0.0014327372191473842,bakery,0.0012880932772532105,OnePointCrossover,TournamentSelection,4,Conservatism,UniformIntegerMutation,0.05,6,5,15
2,120,0.08118730783462524,0.055577684193849564,0.05420351028442383,0.037356793880462646,40,128.81113135930036,espresso,0.9196085929870605,cup,0.012553812004625797,plate,0.0017736604204401374,coffeepot,0.0016105828108265996,bakery,0.0014602519804611802,OnePointCrossover,TournamentSelection,4,Conservatism,UniformIntegerMutation,0.05,6,5,15
3,160,0.07448703050613403,0.06256288290023804,0.062069058418273926,0.05131036043167114,40,113.97672831995563,espresso,0.9262803792953491,cup,0.010859807021915913,plate,0.0016903472132980824,coffeepot,0.0015935034025460482,bakery,0.0013347342610359192,OnePointCrossover,TournamentSelection,4,Conservatism,UniformIntegerMutation,0.05,6,5,15
4,200,0.0752667784690857,0.06770350784063339,0.0685681402683258,0.0581093430519104,40,101.29804055025184,espresso,0.9254698753356934,cup,0.010147884488105774,plate,0.0017286762595176697,coffeepot,0.0015143537893891335,bakery,0.0012715093325823545,OnePointCrossover,TournamentSelection,4,Conservatism,UniformIntegerMutation,0.05,6,5,15
5,240,0.08522284030914307,0.07133884727954865,0.0712885856628418,0.06289815902709961,40,101.4978898205172,espresso,0.9160135984420776,cup,0.00998762995004654,plate,0.003288288600742817,coffeepot,0.0023812265135347843,bakery,0.001548497355543077,OnePointCrossover,TournamentSelection,4,Conservatism,UniformIntegerMutation,0.05,6,5,15
6,280,0.0890040397644043,0.07602979242801666,0.07675406336784363,0.06279122829437256,40,97.56602840107722,espresso,0.9124182462692261,cup,0.010739881545305252,plate,0.003062473377212882,coffeepot,0.0023665588814765215,bakery,0.0014793972950428724,OnePointCrossover,TournamentSelection,4,Conservatism,UniformIntegerMutation,0.05,6,5,15
7,320,0.09670001268386841,0.0823466032743454,0.08294644951820374,0.06868267059326172,40,95.79026371932805,espresso,0.9048927426338196,cup,0.011330867186188698,plate,0.003149040974676609,coffeepot,0.0024204140063375235,bagel,0.0015872955555096269,OnePointCrossover,TournamentSelection,4,Conservatism,UniformIntegerMutation,0.05,6,5,15
8,360,0.09511452913284302,0.08555741608142853,0.08706757426261902,0.07149314880371094,40,97.97124183159181,espresso,0.9063369631767273,cup,0.011340582743287086,plate,0.0030602163169533014,coffeepot,0.002436677925288677,bagel,0.0014566992176696658,OnePointCrossover,TournamentSelection,4,Conservatism,UniformIntegerMutation,0.05,6,5,15
9,400,0.1016039252281189,0.08975544571876526,0.09121835231781006,0.07683563232421875,40,95.40526516473938,espresso,0.8994994759559631,cup,0.012208454310894012,plate,0.0026016845367848873,coffeepot,0.002386208390817046,bakery,0.001780517166480422,OnePointCrossover,TournamentSelection,4,Conservatism,UniformIntegerMutation,0.05,6,5,15
10,440,0.10230439901351929,0.09286992251873016,0.09280753135681152,0.07569372653961182,40,97.02756158700717,espresso,0.8990052342414856,cup,0.013726447708904743,plate,0.0032683799508959055,coffeepot,0.002824480878189206,bakery,0.0013394261477515101,OnePointCrossover,TournamentSelection,4,Conservatism,UniformIntegerMutation,0.05,6,5,15
11,480,0.10601049661636353,0.09496279060840607,0.0962059497833252,0.08204060792922974,40,95.19874221176042,espresso,0.8956071734428406,cup,0.012185891158878803,plate,0.0035698506981134415,coffeepot,0.0027756576891988516,bagel,0.0015993390697985888,OnePointCrossover,TournamentSelection,4,Conservatism,UniformIntegerMutation,0.05,6,5,15
12,520,0.12441462278366089,0.10194897651672363,0.10169333219528198,0.08065944910049438,40,92.00435357388503,espresso,0.8772580623626709,cup,0.014939297921955585,plate,0.004673469346016645,coffeepot,0.0034519799519330263,bagel,0.001668892684392631,OnePointCrossover,TournamentSelection,4,Conservatism,UniformIntegerMutation,0.05,6,5,15
13,560,0.1296284794807434,0.10784141719341278,0.10937076807022095,0.09247064590454102,40,87.51260651277259,espresso,0.8721213340759277,cup,0.01568254642188549,plate,0.004726439714431763,coffeepot,0.0035481597296893597,bagel,0.0017676731804385781,OnePointCrossover,TournamentSelection,4,Conservatism,UniformIntegerMutation,0.05,6,5,15
14,600,0.1324283480644226,0.11429629474878311,0.11581164598464966,0.08820986747741699,40,80.10216634744754,espresso,0.8692261576652527,cup,0.016804739832878113,plate,0.005476369056850672,coffeepot,0.003693675622344017,bakery,0.001669319928623736,OnePointCrossover,TournamentSelection,4,Conservatism,UniformIntegerMutation,0.05,6,5,15
15,640,0.13669747114181519,0.11639900505542755,0.11717525124549866,0.08966302871704102,40,63.33520970234086,espresso,0.8649012446403503,cup,0.01908443681895733,plate,0.005171177443116903,coffeepot,0.004041131120175123,bagel,0.0015908110653981566,OnePointCrossover,TournamentSelection,4,Conservatism,UniformIntegerMutation,0.05,6,5,15
16,680,0.14006751775741577,0.12184977531433105,0.12146326899528503,0.1037948727607727,40,58.33267569733729,espresso,0.861449658870697,cup,0.021405663341283798,plate,0.0055688973516225815,coffeepot,0.004228446166962385,bagel,0.001530192792415619,OnePointCrossover,TournamentSelection,4,Conservatism,UniformIntegerMutation,0.05,6,5,15
17,720,0.14723330736160278,0.12751439213752747,0.12797898054122925,0.10615032911300659,40,52.94358892965087,espresso,0.8544345498085022,cup,0.02291303686797619,plate,0.005699272267520428,coffeepot,0.004402658436447382,bagel,0.001666046679019928,OnePointCrossover,TournamentSelection,4,Conservatism,UniformIntegerMutation,0.05,6,5,15
18,760,0.1478298306465149,0.13215650618076324,0.13263443112373352,0.11890947818756104,40,52.040444562721504,espresso,0.8538641333580017,cup,0.021287525072693825,plate,0.005661621689796448,coffeepot,0.004193563479930162,bagel,0.0017232858808711171,OnePointCrossover,TournamentSelection,4,Conservatism,UniformIntegerMutation,0.05,6,5,15
19,800,0.1570420265197754,0.13593479990959167,0.13455647230148315,0.12491381168365479,40,54.1694360084766,espresso,0.8446863293647766,cup,0.024053558707237244,plate,0.006413137540221214,coffeepot,0.004719841759651899,bagel,0.0017355390591546893,OnePointCrossover,TournamentSelection,4,Conservatism,UniformIntegerMutation,0.05,6,5,15
20,840,0.16060644388198853,0.14132900536060333,0.14096173644065857,0.11958062648773193,40,51.4785473902086,espresso,0.8413676619529724,cup,0.020154105499386787,plate,0.005824301391839981,coffeepot,0.0042353528551757336,bagel,0.001977653242647648,OnePointCrossover,TournamentSelection,4,Conservatism,UniformIntegerMutation,0.05,6,5,15
21,880,0.1679583191871643,0.14837685227394104,0.14901748299598694,0.13147622346878052,40,52.446819735066825,espresso,0.8341432213783264,cup,0.02150348201394081,plate,0.006442338693886995,coffeepot,0.0044548045843839645,bagel,0.0021015091333538294,OnePointCrossover,TournamentSelection,4,Conservatism,UniformIntegerMutation,0.05,6,5,15
22,920,0.1744980812072754,0.15610453486442566,0.15672680735588074,0.13572168350219727,40,51.87137660728353,espresso,0.8274568915367126,cup,0.024048052728176117,plate,0.006681187078356743,coffeepot,0.0048228963278234005,bagel,0.0019426968647167087,OnePointCrossover,TournamentSelection,4,Conservatism,UniformIntegerMutation,0.05,6,5,15
23,960,0.19765347242355347,0.16278977692127228,0.16245266795158386,0.1452578902244568,40,50.16838360146694,espresso,0.8045124411582947,cup,0.02557065524160862,plate,0.007779384963214397,coffeepot,0.005252494942396879,bagel,0.0022061662748456,OnePointCrossover,TournamentSelection,4,Conservatism,UniformIntegerMutation,0.05,6,5,15
24,1000,0.1932586431503296,0.1718258261680603,0.17124542593955994,0.1365056037902832,40,39.99407177808372,espresso,0.8088212609291077,cup,0.024692296981811523,plate,0.007596639916300774,coffeepot,0.005363124422729015,bagel,0.0020993563812226057,OnePointCrossover,TournamentSelection,4,Conservatism,UniformIntegerMutation,0.05,6,5,15
25,1040,0.19076335430145264,0.1766420155763626,0.17963272333145142,0.1555778980255127,40,32.163360534497905,espresso,0.8113081455230713,cup,0.02387191541492939,plate,0.0068360185250639915,coffeepot,0.0048238737508654594,bagel,0.0021026204340159893,OnePointCrossover,TournamentSelection,4,Conservatism,UniformIntegerMutation,0.05,6,5,15
26,1080,0.19898861646652222,0.18154075741767883,0.18051031231880188,0.16647928953170776,40,31.73230932456917,espresso,0.8033101558685303,cup,0.02531507983803749,plate,0.0073299715295434,coffeepot,0.00474438676610589,bagel,0.00229374086484313,OnePointCrossover,TournamentSelection,4,Conservatism,UniformIntegerMutation,0.05,6,5,15
27,1120,0.20458859205245972,0.18598321080207825,0.18544870615005493,0.16897135972976685,40,33.056366221468636,espresso,0.7976877689361572,cup,0.025760995224118233,plate,0.007603521458804607,coffeepot,0.004807592835277319,bagel,0.002253045327961445,OnePointCrossover,TournamentSelection,4,Conservatism,UniformIntegerMutation,0.05,6,5,15
28,1160,0.21904677152633667,0.19076021015644073,0.18921631574630737,0.17012029886245728,40,33.636627444426026,espresso,0.7832320332527161,cup,0.027015240862965584,plate,0.008265201933681965,coffeepot,0.004912932403385639,bagel,0.0022704291623085737,OnePointCrossover,TournamentSelection,4,Conservatism,UniformIntegerMutation,0.05,6,5,15
29,1200,0.22395724058151245,0.19582611322402954,0.19654357433319092,0.17537444829940796,40,34.591502187979565,espresso,0.7786214351654053,cup,0.027522627264261246,plate,0.008101622574031353,coffeepot,0.004770832601934671,bagel,0.002588015515357256,OnePointCrossover,TournamentSelection,4,Conservatism,UniformIntegerMutation,0.05,6,5,15
30,1240,0.22653812170028687,0.20267677307128906,0.2031775712966919,0.17782384157180786,40,35.591746294319556,espresso,0.7761510610580444,cup,0.024958984926342964,plate,0.008192927576601505,coffeepot,0.0049391151405870914,bagel,0.0026895576156675816,OnePointCrossover,TournamentSelection,4,Conservatism,UniformIntegerMutation,0.05,6,5,15
31,1280,0.2275700569152832,0.21036148071289062,0.21250158548355103,0.18556803464889526,40,34.48653477466031,espresso,0.7747932076454163,cup,0.02993062324821949,plate,0.007582546211779118,coffeepot,0.004533201921731234,bagel,0.002405107719823718,OnePointCrossover,TournamentSelection,4,Conservatism,UniformIntegerMutation,0.05,6,5,15
32,1320,0.23709625005722046,0.21823930740356445,0.21998918056488037,0.18581074476242065,40,34.02265486660408,espresso,0.7655034065246582,cup,0.028517989441752434,plate,0.00844568107277155,coffeepot,0.005037068855017424,bagel,0.0026245831977576017,OnePointCrossover,TournamentSelection,4,Conservatism,UniformIntegerMutation,0.05,6,5,15
33,1360,0.24148333072662354,0.22132718563079834,0.22322088479995728,0.1967793107032776,40,34.79157751137597,espresso,0.7612475156784058,cup,0.028030432760715485,plate,0.009211116470396519,coffeepot,0.005184713285416365,bagel,0.0027528295759111643,OnePointCrossover,TournamentSelection,4,Conservatism,UniformIntegerMutation,0.05,6,5,15
34,1400,0.2471100091934204,0.22495539486408234,0.2254844605922699,0.20940005779266357,40,33.84846557480323,espresso,0.755385160446167,cup,0.031555287539958954,plate,0.008027990348637104,coffeepot,0.005529757589101791,bagel,0.0025465318467468023,OnePointCrossover,TournamentSelection,4,Conservatism,UniformIntegerMutation,0.05,6,5,15
35,1440,0.2481900453567505,0.22992368042469025,0.23147675395011902,0.2046910524368286,40,32.22031269370308,espresso,0.7546162009239197,cup,0.028537165373563766,plate,0.008790011517703533,coffeepot,0.004949608352035284,bagel,0.002807642798870802,OnePointCrossover,TournamentSelection,4,Conservatism,UniformIntegerMutation,0.05,6,5,15
36,1480,0.2516232132911682,0.2321116030216217,0.23254624009132385,0.2094690203666687,40,33.10435574300005,espresso,0.7513561844825745,cup,0.028126388788223267,plate,0.009336605668067932,coffeepot,0.0052455514669418335,bagel,0.0029639035928994417,OnePointCrossover,TournamentSelection,4,Conservatism,UniformIntegerMutation,0.05,6,5,15
37,1520,0.25635266304016113,0.2353557050228119,0.2379259467124939,0.20808720588684082,40,32.4565453910849,espresso,0.7464407086372375,cup,0.029936833307147026,plate,0.009323690086603165,coffeepot,0.005197698716074228,bagel,0.0028019328601658344,OnePointCrossover,TournamentSelection,4,Conservatism,UniformIntegerMutation,0.05,6,5,15
38,1560,0.26226139068603516,0.23924514651298523,0.23884731531143188,0.22023683786392212,40,32.91583266333543,espresso,0.7403551340103149,cup,0.030562492087483406,plate,0.009465123526751995,coffeepot,0.00535641610622406,bagel,0.002636003540828824,OnePointCrossover,TournamentSelection,4,Conservatism,UniformIntegerMutation,0.05,6,5,15
39,1600,0.27328163385391235,0.24642184376716614,0.2459442913532257,0.2223261594772339,40,33.426288204342384,espresso,0.7296554446220398,cup,0.03328720107674599,plate,0.009692616760730743,coffeepot,0.0054153562523424625,bagel,0.0029092051554471254,OnePointCrossover,TournamentSelection,4,Conservatism,UniformIntegerMutation,0.05,6,5,15
40,1640,0.288749098777771,0.2544649541378021,0.2526439130306244,0.22947877645492554,40,32.200195338506504,espresso,0.7141491770744324,cup,0.03662571683526039,plate,0.010940938256680965,coffeepot,0.005745070520788431,bagel,0.002875308971852064,OnePointCrossover,TournamentSelection,4,Conservatism,UniformIntegerMutation,0.05,6,5,15
41,1680,0.29229140281677246,0.26004838943481445,0.2583968937397003,0.2378460168838501,40,32.8934249302417,espresso,0.7107622623443604,cup,0.03406097739934921,plate,0.010957475751638412,coffeepot,0.006097401492297649,bagel,0.0030475249513983727,OnePointCrossover,TournamentSelection,4,Conservatism,UniformIntegerMutation,0.05,6,5,15
42,1720,0.29341262578964233,0.2679905891418457,0.26697853207588196,0.24280667304992676,40,32.27709472287839,espresso,0.709712028503418,cup,0.032769884914159775,plate,0.009732981212437153,coffeepot,0.005653734784573317,bagel,0.0031240477692335844,OnePointCrossover,TournamentSelection,4,Conservatism,UniformIntegerMutation,0.05,6,5,15
43,1760,0.3073316812515259,0.27324753999710083,0.2724584639072418,0.2504870891571045,40,32.85352890736333,espresso,0.6957561373710632,cup,0.034628741443157196,plate,0.009880727156996727,coffeepot,0.005880993790924549,bagel,0.0031270456966012716,OnePointCrossover,TournamentSelection,4,Conservatism,UniformIntegerMutation,0.05,6,5,15
44,1800,0.30438345670700073,0.27779823541641235,0.27685633301734924,0.24993038177490234,40,34.20142298151837,espresso,0.698815643787384,cup,0.031161272898316383,plate,0.010263458825647831,coffeepot,0.005805591586977243,bagel,0.0032091131433844566,OnePointCrossover,TournamentSelection,4,Conservatism,UniformIntegerMutation,0.05,6,5,15
45,1840,0.31527215242385864,0.28297188878059387,0.2839195132255554,0.2548345923423767,40,32.7136710759485,espresso,0.6878447532653809,cup,0.03317500278353691,plate,0.010037273168563843,coffeepot,0.005478234030306339,bagel,0.0031236012000590563,OnePointCrossover,TournamentSelection,4,Conservatism,UniformIntegerMutation,0.05,6,5,15
46,1880,0.32471340894699097,0.2898535132408142,0.28876009583473206,0.26780688762664795,40,33.750846115065265,espresso,0.6787495613098145,cup,0.032429181039333344,plate,0.010458927601575851,coffeepot,0.0058585177175700665,bagel,0.0034303758293390274,OnePointCrossover,TournamentSelection,4,Conservatism,UniformIntegerMutation,0.05,6,5,15
47,1920,0.3358410596847534,0.297982782125473,0.29630935192108154,0.27026039361953735,40,32.79367446607839,espresso,0.6675832271575928,cup,0.03424371778964996,plate,0.01088008377701044,coffeepot,0.006133271846920252,bagel,0.003432824043557048,OnePointCrossover,TournamentSelection,4,Conservatism,UniformIntegerMutation,0.05,6,5,15
48,1960,0.327873170375824,0.30636414885520935,0.30844756960868835,0.27444493770599365,40,29.906734106215087,espresso,0.6754150986671448,cup,0.03226420655846596,plate,0.010303874500095844,coffeepot,0.0057097384706139565,bagel,0.0033011632040143013,OnePointCrossover,TournamentSelection,4,Conservatism,UniformIntegerMutation,0.05,6,5,15
49,2000,0.33382976055145264,0.30758243799209595,0.3070809543132782,0.2725423574447632,40,29.224008535380822,espresso,0.669651210308075,cup,0.03431368246674538,plate,0.011289490386843681,coffeepot,0.005829065106809139,bagel,0.0034476672299206257,OnePointCrossover,TournamentSelection,4,Conservatism,UniformIntegerMutation,0.05,6,5,15
50,2040,0.33357739448547363,0.31042513251304626,0.3095095157623291,0.2876983880996704,40,29.461886145779584,espresso,0.6699180006980896,cup,0.031272731721401215,plate,0.010575216263532639,coffeepot,0.005413916427642107,bagel,0.003487088717520237,OnePointCrossover,TournamentSelection,4,Conservatism,UniformIntegerMutation,0.05,6,5,15
51,2080,0.3391733169555664,0.3152977228164673,0.3145217001438141,0.2899121046066284,40,30.91640904022841,espresso,0.6646196842193604,cup,0.036254312843084335,plate,0.012193858623504639,coffeepot,0.006187221966683865,bagel,0.003807900007814169,OnePointCrossover,TournamentSelection,4,Conservatism,UniformIntegerMutation,0.05,6,5,15
52,2120,0.3469884991645813,0.32026031613349915,0.31846264004707336,0.2931753993034363,40,32.84150431502032,espresso,0.6568142771720886,cup,0.03667960315942764,plate,0.012542957440018654,coffeepot,0.006246634759008884,bagel,0.00381468259729445,OnePointCrossover,TournamentSelection,4,Conservatism,UniformIntegerMutation,0.05,6,5,15
53,2160,0.36040711402893066,0.32681140303611755,0.32911157608032227,0.29509973526000977,40,34.62153969961164,espresso,0.643123209476471,cup,0.03500273823738098,plate,0.01145043782889843,coffeepot,0.005988944321870804,bagel,0.003561119083315134,OnePointCrossover,TournamentSelection,4,Conservatism,UniformIntegerMutation,0.05,6,5,15
54,2200,0.35359442234039307,0.33338165283203125,0.3355017602443695,0.3106505274772644,40,35.422972933201414,espresso,0.6500617861747742,cup,0.036827344447374344,plate,0.013870702125132084,coffeepot,0.0062464517541229725,bagel,0.003680861322209239,OnePointCrossover,TournamentSelection,4,Conservatism,UniformIntegerMutation,0.05,6,5,15
55,2240,0.35083872079849243,0.3341193199157715,0.33465269207954407,0.3082270622253418,40,35.25576520193861,espresso,0.6527948975563049,cup,0.033055808395147324,plate,0.011870700865983963,coffeepot,0.005234584677964449,bagel,0.003583326702937484,OnePointCrossover,TournamentSelection,4,Conservatism,UniformIntegerMutation,0.05,6,5,15
56,2280,0.35989582538604736,0.33573415875434875,0.334887832403183,0.3102791905403137,40,35.385919937575416,espresso,0.6437581181526184,cup,0.03284937143325806,plate,0.01221027784049511,coffeepot,0.005970972590148449,bagel,0.003682252950966358,OnePointCrossover,TournamentSelection,4,Conservatism,UniformIntegerMutation,0.05,6,5,15
57,2320,0.36536329984664917,0.34008389711380005,0.34263384342193604,0.3124891519546509,40,38.831115059582324,espresso,0.6381993293762207,cup,0.03557548671960831,plate,0.011869995854794979,coffeepot,0.006057997699826956,bagel,0.00356750818900764,OnePointCrossover,TournamentSelection,4,Conservatism,UniformIntegerMutation,0.05,6,5,15
58,2360,0.37197983264923096,0.3466044068336487,0.34928497672080994,0.30021750926971436,40,36.64797355849635,espresso,0.6316895484924316,cup,0.04164833202958107,plate,0.011333029717206955,coffeepot,0.0070953369140625,bagel,0.003685962175950408,OnePointCrossover,TournamentSelection,4,Conservatism,UniformIntegerMutation,0.05,6,5,15
59,2400,0.3756411075592041,0.34897369146347046,0.34820839762687683,0.3281785249710083,40,32.00208793946855,espresso,0.6281065940856934,cup,0.04160336032509804,plate,0.011339165270328522,coffeepot,0.007195105776190758,bagel,0.003748407354578376,OnePointCrossover,TournamentSelection,4,Conservatism,UniformIntegerMutation,0.05,6,5,15
60,2440,0.40415501594543457,0.3523997664451599,0.34993481636047363,0.3291076421737671,40,30.716066967543437,espresso,0.599669337272644,cup,0.04689096286892891,plate,0.012342683970928192,coffeepot,0.007184435613453388,bagel,0.0038276994600892067,OnePointCrossover,TournamentSelection,4,Conservatism,UniformIntegerMutation,0.05,6,5,15
61,2480,0.39430952072143555,0.35826826095581055,0.35781458020210266,0.3326427936553955,40,30.07264818490815,espresso,0.6093355417251587,cup,0.046899791806936264,plate,0.012806588783860207,coffeepot,0.007261235732585192,bagel,0.0037233508192002773,OnePointCrossover,TournamentSelection,4,Conservatism,UniformIntegerMutation,0.05,6,5,15
62,2520,0.3924005627632141,0.366426020860672,0.366081565618515,0.3481425642967224,40,29.871630264229474,espresso,0.611370861530304,cup,0.04692196846008301,plate,0.013244143687188625,coffeepot,0.007469285279512405,bagel,0.0037369709461927414,OnePointCrossover,TournamentSelection,4,Conservatism,UniformIntegerMutation,0.05,6,5,15
63,2560,0.4019016623497009,0.37170398235321045,0.3697609305381775,0.3309609889984131,40,31.049087221639542,espresso,0.6019678711891174,cup,0.04657810926437378,plate,0.014040007255971432,coffeepot,0.00774460518732667,bagel,0.003876769682392478,OnePointCrossover,TournamentSelection,4,Conservatism,UniformIntegerMutation,0.05,6,5,15
64,2600,0.4064962863922119,0.37810006737709045,0.3779827654361725,0.3397018313407898,40,28.422534886132564,espresso,0.597165048122406,cup,0.04762342944741249,plate,0.012975647114217281,coffeepot,0.007688846439123154,bagel,0.0036159558221697807,OnePointCrossover,TournamentSelection,4,Conservatism,UniformIntegerMutation,0.05,6,5,15
65,2640,0.4166053533554077,0.386330783367157,0.3870212435722351,0.3632584810256958,40,28.436591447004282,espresso,0.5870009660720825,cup,0.048394154757261276,plate,0.013677562586963177,coffeepot,0.007771809119731188,bagel,0.003631334053352475,OnePointCrossover,TournamentSelection,4,Conservatism,UniformIntegerMutation,0.05,6,5,15
66,2680,0.42201489210128784,0.3897724151611328,0.3930356800556183,0.357780396938324,40,29.585072002855235,espresso,0.5820819139480591,cup,0.05566134676337242,plate,0.014176856726408005,coffeepot,0.007825428619980812,bagel,0.004109377972781658,OnePointCrossover,TournamentSelection,4,Conservatism,UniformIntegerMutation,0.05,6,5,15
67,2720,0.430791974067688,0.40053898096084595,0.3993016481399536,0.38064640760421753,40,30.75490452822169,espresso,0.5728744864463806,cup,0.05412010848522186,plate,0.015136966481804848,coffeepot,0.007763715460896492,bagel,0.0037013983819633722,OnePointCrossover,TournamentSelection,4,Conservatism,UniformIntegerMutation,0.05,6,5,15
68,2760,0.4298863410949707,0.4055767059326172,0.4051749110221863,0.372225821018219,40,31.928122126080133,espresso,0.5738048553466797,cup,0.051168207079172134,plate,0.013483735732734203,coffeepot,0.007612764369696379,bagel,0.003688628086820245,OnePointCrossover,TournamentSelection,4,Conservatism,UniformIntegerMutation,0.05,6,5,15
69,2800,0.439416766166687,0.40972891449928284,0.40796998143196106,0.37916815280914307,40,33.57594712063443,espresso,0.5641626119613647,cup,0.05209079384803772,plate,0.014243434183299541,coffeepot,0.007503141649067402,bagel,0.0035996122751384974,OnePointCrossover,TournamentSelection,4,Conservatism,UniformIntegerMutation,0.05,6,5,15
70,2840,0.44955992698669434,0.4162985682487488,0.41487792134284973,0.3897814154624939,40,33.118634917831315,espresso,0.5542879104614258,cup,0.05791214853525162,plate,0.015190248377621174,coffeepot,0.008205072954297066,bagel,0.003917483612895012,OnePointCrossover,TournamentSelection,4,Conservatism,UniformIntegerMutation,0.05,6,5,15
71,2880,0.4544386863708496,0.4264395833015442,0.4281235337257385,0.40039151906967163,40,31.040575918587464,espresso,0.5496370792388916,cup,0.05457010492682457,plate,0.016523167490959167,coffeepot,0.008297680877149105,bagel,0.00405091093853116,OnePointCrossover,TournamentSelection,4,Conservatism,UniformIntegerMutation,0.05,6,5,15
72,2920,0.460766077041626,0.43280062079429626,0.4332890510559082,0.39848482608795166,40,29.54374911372778,espresso,0.5431473851203918,cup,0.052657704800367355,plate,0.01610253006219864,coffeepot,0.008573312312364578,bagel,0.0039578997530043125,OnePointCrossover,TournamentSelection,4,Conservatism,UniformIntegerMutation,0.05,6,5,15
73,2960,0.46817517280578613,0.4415017068386078,0.44347140192985535,0.40933191776275635,40,31.332655064281838,espresso,0.535703718662262,cup,0.05055265873670578,plate,0.013425998389720917,coffeepot,0.008000548928976059,eggnog,0.003874812973663211,OnePointCrossover,TournamentSelection,4,Conservatism,UniformIntegerMutation,0.05,6,5,15
74,3000,0.46430474519729614,0.4442446827888489,0.44721534848213196,0.4167947769165039,40,33.60379263471285,espresso,0.539634644985199,cup,0.05012859031558037,plate,0.014451336115598679,coffeepot,0.008022919297218323,bagel,0.0038865534588694572,OnePointCrossover,TournamentSelection,4,Conservatism,UniformIntegerMutation,0.05,6,5,15
75,3040,0.47673946619033813,0.4493257403373718,0.448635995388031,0.42018550634384155,40,33.4892291726165,espresso,0.5271878838539124,cup,0.05192957818508148,plate,0.013356056064367294,coffeepot,0.008216087706387043,bagel,0.003940239083021879,OnePointCrossover,TournamentSelection,4,Conservatism,UniformIntegerMutation,0.05,6,5,15
76,3080,0.5089648962020874,0.454948365688324,0.4557884633541107,0.4220430254936218,40,33.854385851367276,espresso,0.49509578943252563,cup,0.06144428625702858,plate,0.014658196829259396,coffeepot,0.008897516876459122,eggnog,0.0040632085874676704,OnePointCrossover,TournamentSelection,4,Conservatism,UniformIntegerMutation,0.05,6,5,15
77,3120,0.5008364915847778,0.4633106291294098,0.46206241846084595,0.4341546297073364,40,32.95006558595178,espresso,0.5032153129577637,cup,0.06753885000944138,plate,0.015139671042561531,coffeepot,0.008816924877464771,eggnog,0.004099269397556782,OnePointCrossover,TournamentSelection,4,Conservatism,UniformIntegerMutation,0.05,6,5,15
78,3160,0.49394166469573975,0.4660930633544922,0.46581777930259705,0.43427032232284546,40,33.89107803710037,espresso,0.5101690292358398,cup,0.06392594426870346,plate,0.015264698304235935,coffeepot,0.00910714827477932,eggnog,0.004057230893522501,OnePointCrossover,TournamentSelection,4,Conservatism,UniformIntegerMutation,0.05,6,5,15
79,3200,0.5005717277526855,0.4739379286766052,0.4747334122657776,0.43200212717056274,40,35.62208341449675,espresso,0.5035433173179626,cup,0.06562931835651398,plate,0.015514297410845757,coffeepot,0.009250030852854252,eggnog,0.00411537941545248,OnePointCrossover,TournamentSelection,4,Conservatism,UniformIntegerMutation,0.05,6,5,15
80,3240,0.5042980909347534,0.47799140214920044,0.4788084030151367,0.4506247043609619,40,36.580548640360085,espresso,0.49972113966941833,cup,0.06224096193909645,plate,0.014760514721274376,coffeepot,0.00859488919377327,eggnog,0.004051150754094124,OnePointCrossover,TournamentSelection,4,Conservatism,UniformIntegerMutation,0.05,6,5,15
81,3280,0.5027790069580078,0.48421525955200195,0.48737454414367676,0.46266239881515503,40,35.18885373099627,espresso,0.5013864636421204,cup,0.053997814655303955,plate,0.014697846956551075,coffeepot,0.00788468960672617,eggnog,0.004229974001646042,OnePointCrossover,TournamentSelection,4,Conservatism,UniformIntegerMutation,0.05,6,5,15
82,3320,0.5289692878723145,0.4895963668823242,0.48993879556655884,0.4434800148010254,40,36.283686231857835,espresso,0.47544047236442566,cup,0.06252330541610718,plate,0.0139788668602705,coffeepot,0.008576691150665283,eggnog,0.004447511397302151,OnePointCrossover,TournamentSelection,4,Conservatism,UniformIntegerMutation,0.05,6,5,15
83,3360,0.5295974016189575,0.49401015043258667,0.4916786849498749,0.47241806983947754,40,37.847932798832,espresso,0.475005567073822,cup,0.06369271874427795,plate,0.013617082498967648,coffeepot,0.007900516502559185,eggnog,0.004643327556550503,OnePointCrossover,TournamentSelection,4,Conservatism,UniformIntegerMutation,0.05,6,5,15
84,3400,0.5314158797264099,0.4993976652622223,0.49832838773727417,0.4554911255836487,40,37.769845235394506,espresso,0.47330448031425476,cup,0.06698770821094513,plate,0.014722274616360664,coffeepot,0.00888068787753582,eggnog,0.004748878069221973,OnePointCrossover,TournamentSelection,4,Conservatism,UniformIntegerMutation,0.05,6,5,15
85,3440,0.5425353050231934,0.5060315728187561,0.5077974796295166,0.45902031660079956,40,37.80778345346497,espresso,0.46216341853141785,cup,0.06419067829847336,plate,0.015116821974515915,coffeepot,0.00956302136182785,eggnog,0.004686009604483843,OnePointCrossover,TournamentSelection,4,Conservatism,UniformIntegerMutation,0.05,6,5,15
86,3480,0.5394718647003174,0.5113511085510254,0.5130922794342041,0.47675418853759766,40,39.886864091834276,espresso,0.46507441997528076,cup,0.06619742512702942,plate,0.015495026484131813,coffeepot,0.009859761223196983,eggnog,0.004565462004393339,OnePointCrossover,TournamentSelection,4,Conservatism,UniformIntegerMutation,0.05,6,5,15
87,3520,0.5432524681091309,0.5137181878089905,0.5129826068878174,0.48532354831695557,40,38.746741554119026,espresso,0.4614291191101074,cup,0.06559121608734131,plate,0.01395129133015871,coffeepot,0.009189828298985958,eggnog,0.0047479188069701195,OnePointCrossover,TournamentSelection,4,Conservatism,UniformIntegerMutation,0.05,6,5,15
88,3560,0.5410261154174805,0.514458417892456,0.5138278007507324,0.4934854507446289,40,38.229501972632434,espresso,0.4637076258659363,cup,0.06191497668623924,plate,0.015742892399430275,coffeepot,0.009016872383654118,eggnog,0.004706987179815769,OnePointCrossover,TournamentSelection,4,Conservatism,UniformIntegerMutation,0.05,6,5,15
89,3600,0.5520811080932617,0.5174462795257568,0.5181386470794678,0.4843939542770386,40,36.65728681009114,espresso,0.45276734232902527,cup,0.06552577763795853,plate,0.013950641267001629,coffeepot,0.009047691710293293,eggnog,0.004850225988775492,OnePointCrossover,TournamentSelection,4,Conservatism,UniformIntegerMutation,0.05,6,5,15
90,3640,0.5539736747741699,0.526009738445282,0.527538537979126,0.5004943609237671,40,36.24890661089859,espresso,0.4510076940059662,cup,0.0604386143386364,plate,0.01796850562095642,coffeepot,0.008237766101956367,eggnog,0.004948954097926617,OnePointCrossover,TournamentSelection,4,Conservatism,UniformIntegerMutation,0.05,6,5,15
91,3680,0.5563519597053528,0.5293698310852051,0.5320207476615906,0.5023781061172485,40,39.90887636746093,espresso,0.44853416085243225,cup,0.061340395361185074,plate,0.01619374193251133,coffeepot,0.009032076224684715,eggnog,0.00488527026027441,OnePointCrossover,TournamentSelection,4,Conservatism,UniformIntegerMutation,0.05,6,5,15
92,3720,0.5662241578102112,0.5343071818351746,0.5341336727142334,0.5015666484832764,40,38.37423748232139,espresso,0.4386199414730072,cup,0.06497354060411453,plate,0.016256002709269524,coffeepot,0.009072580374777317,eggnog,0.004820932634174824,OnePointCrossover,TournamentSelection,4,Conservatism,UniformIntegerMutation,0.05,6,5,15
93,3760,0.5680939555168152,0.5399782061576843,0.5374172329902649,0.5135840177536011,40,38.49180826766666,espresso,0.43697383999824524,cup,0.05906160548329353,plate,0.01715146377682686,coffeepot,0.008349617943167686,eggnog,0.0050908480770885944,OnePointCrossover,TournamentSelection,4,Conservatism,UniformIntegerMutation,0.05,6,5,15
94,3800,0.5874373316764832,0.5481660962104797,0.5479199290275574,0.5099962949752808,40,42.38267541610002,espresso,0.4174259305000305,cup,0.06765776127576828,plate,0.016467688605189323,coffeepot,0.009531506337225437,eggnog,0.004902000539004803,OnePointCrossover,TournamentSelection,4,Conservatism,UniformIntegerMutation,0.05,6,5,15
95,3840,0.587831974029541,0.5563422441482544,0.5575608015060425,0.5140248537063599,40,41.335872560453126,espresso,0.4177952706813812,cup,0.07344862818717957,plate,0.01731385663151741,coffeepot,0.009042860940098763,eggnog,0.005636173766106367,OnePointCrossover,TournamentSelection,4,Conservatism,UniformIntegerMutation,0.05,6,5,15
96,3880,0.5951018333435059,0.564681887626648,0.5616410970687866,0.529943585395813,40,40.38859731835188,espresso,0.41065359115600586,cup,0.07084193080663681,plate,0.017778709530830383,coffeepot,0.008631270378828049,eggnog,0.0057599348947405815,OnePointCrossover,TournamentSelection,4,Conservatism,UniformIntegerMutation,0.05,6,5,15
97,3920,0.6100652813911438,0.5717848539352417,0.572400689125061,0.5357726216316223,40,38.69716909676084,espresso,0.3960089385509491,cup,0.07023151963949203,plate,0.016687320545315742,coffeepot,0.009241684339940548,eggnog,0.006077393423765898,OnePointCrossover,TournamentSelection,4,Conservatism,UniformIntegerMutation,0.05,6,5,15
98,3960,0.6076827645301819,0.5785722732543945,0.5802782773971558,0.5442553758621216,40,35.82866014612974,espresso,0.3983529210090637,cup,0.06881437450647354,plate,0.017524823546409607,coffeepot,0.008822695352137089,eggnog,0.005999538116157055,OnePointCrossover,TournamentSelection,4,Conservatism,UniformIntegerMutation,0.05,6,5,15
99,4000,0.6206157207489014,0.5903165936470032,0.5883803367614746,0.5681196451187134,40,31.203139467464414,espresso,0.3850663900375366,cup,0.07589974254369736,plate,0.01810964196920395,coffeepot,0.01015916932374239,eggnog,0.0056904880329966545,OnePointCrossover,TournamentSelection,4,Conservatism,UniformIntegerMutation,0.05,6,5,15
100,4040,0.6209300756454468,0.5975676774978638,0.6000086069107056,0.5701402425765991,40,31.228412573157446,espresso,0.3846306800842285,cup,0.07394016534090042,plate,0.018473008647561073,coffeepot,0.009755360893905163,eggnog,0.00555671751499176,OnePointCrossover,TournamentSelection,4,Conservatism,UniformIntegerMutation,0.05,6,5,15
101,4080,0.6434897184371948,0.6074240803718567,0.6088084578514099,0.5771467685699463,40,31.764096153676068,espresso,0.362398624420166,cup,0.07423286139965057,plate,0.018872147426009178,coffeepot,0.011345666833221912,eggnog,0.005862160585820675,OnePointCrossover,TournamentSelection,4,Conservatism,UniformIntegerMutation,0.05,6,5,15
102,4120,0.6409071683883667,0.6149860620498657,0.617027759552002,0.5829901695251465,40,33.044109562942616,espresso,0.3649441599845886,cup,0.07216263562440872,plate,0.019830241799354553,coffeepot,0.010397203266620636,eggnog,0.00585475517436862,OnePointCrossover,TournamentSelection,4,Conservatism,UniformIntegerMutation,0.05,6,5,15
103,4160,0.6425342559814453,0.6198831796646118,0.6211233139038086,0.5884631872177124,40,33.998207220873695,espresso,0.3633647859096527,cup,0.07302654534578323,plate,0.018726635724306107,coffeepot,0.010257468558847904,spatula,0.005943638738244772,OnePointCrossover,TournamentSelection,4,Conservatism,UniformIntegerMutation,0.05,6,5,15
104,4200,0.6524302959442139,0.6238170862197876,0.6220731735229492,0.5984746813774109,40,34.6392893053429,espresso,0.35351482033729553,cup,0.0829547718167305,plate,0.01979968324303627,coffeepot,0.01158999279141426,eggnog,0.005953152198344469,OnePointCrossover,TournamentSelection,4,Conservatism,UniformIntegerMutation,0.05,6,5,15
105,4240,0.6569803953170776,0.6307131052017212,0.628807783126831,0.5915666818618774,40,36.32380016810497,espresso,0.3490573763847351,cup,0.08456982672214508,plate,0.020456330850720406,coffeepot,0.012199422344565392,eggnog,0.006073964759707451,OnePointCrossover,TournamentSelection,4,Conservatism,UniformIntegerMutation,0.05,6,5,15
106,4280,0.6689721345901489,0.6368024945259094,0.6361918449401855,0.6101985573768616,40,36.69756162249089,espresso,0.33748292922973633,cup,0.0862281545996666,plate,0.019270166754722595,coffeepot,0.010782069526612759,eggnog,0.006500773131847382,OnePointCrossover,TournamentSelection,4,Conservatism,UniformIntegerMutation,0.05,6,5,15
107,4320,0.6736708879470825,0.6405157446861267,0.6412622928619385,0.6054432392120361,40,34.507205301231075,espresso,0.33281469345092773,cup,0.08623380959033966,plate,0.01730099320411682,coffeepot,0.010463117621839046,eggnog,0.006505761761218309,OnePointCrossover,TournamentSelection,4,Conservatism,UniformIntegerMutation,0.05,6,5,15
108,4360,0.6734335422515869,0.6457937955856323,0.6434898972511292,0.6128953099250793,40,34.585075938304534,espresso,0.3328365087509155,cup,0.08543332666158676,plate,0.017736399546265602,coffeepot,0.0110481483861804,eggnog,0.006276408210396767,OnePointCrossover,TournamentSelection,4,Conservatism,UniformIntegerMutation,0.05,6,5,15
109,4400,0.6721792221069336,0.6518852710723877,0.6529949903488159,0.623632550239563,40,36.19477772627364,espresso,0.33436793088912964,cup,0.08468051999807358,plate,0.01798056811094284,coffeepot,0.010936160571873188,eggnog,0.0065703485161066055,OnePointCrossover,TournamentSelection,4,Conservatism,UniformIntegerMutation,0.05,6,5,15
110,4440,0.6789950132369995,0.6533905863761902,0.655670166015625,0.6299142241477966,40,35.36588591059097,espresso,0.3278314173221588,cup,0.0912175104022026,plate,0.016758104786276817,coffeepot,0.010176223702728748,eggnog,0.0067945378832519054,OnePointCrossover,TournamentSelection,4,Conservatism,UniformIntegerMutation,0.05,6,5,15
111,4480,0.683188796043396,0.6543601155281067,0.6540449857711792,0.6226952075958252,40,36.0979603660392,espresso,0.3233860433101654,cup,0.08788720518350601,plate,0.018619844689965248,coffeepot,0.01078051794320345,eggnog,0.006601376459002495,OnePointCrossover,TournamentSelection,4,Conservatism,UniformIntegerMutation,0.05,6,5,15
112,4520,0.680377721786499,0.6598186492919922,0.6587828397750854,0.6380811333656311,40,39.0055579710245,espresso,0.32645538449287415,cup,0.09043608605861664,plate,0.019331583753228188,coffeepot,0.010596935637295246,eggnog,0.006865085568279028,OnePointCrossover,TournamentSelection,4,Conservatism,UniformIntegerMutation,0.05,6,5,15
113,4560,0.694632351398468,0.6630191206932068,0.6638005971908569,0.6013846397399902,40,41.16651653243677,espresso,0.31209897994995117,cup,0.09220724552869797,plate,0.02058359980583191,coffeepot,0.010240474715828896,eggnog,0.0067297304049134254,OnePointCrossover,TournamentSelection,4,Conservatism,UniformIntegerMutation,0.05,6,5,15
114,4600,0.6872570514678955,0.6669065952301025,0.6669189929962158,0.648344874382019,40,41.60924826711694,espresso,0.3191778361797333,cup,0.09411482512950897,plate,0.021975811570882797,coffeepot,0.010306211188435555,eggnog,0.006461362354457378,OnePointCrossover,TournamentSelection,4,Conservatism,UniformIntegerMutation,0.05,6,5,15
115,4640,0.6940413117408752,0.6667218208312988,0.6658883094787598,0.6342043876647949,40,40.300995927367914,espresso,0.31223970651626587,cup,0.08697904646396637,plate,0.02206425555050373,coffeepot,0.01114574447274208,eggnog,0.006300987675786018,OnePointCrossover,TournamentSelection,4,Conservatism,UniformIntegerMutation,0.05,6,5,15
116,4680,0.695256769657135,0.6724956631660461,0.6704754829406738,0.6503174304962158,40,39.62258405351764,espresso,0.3115236759185791,cup,0.09273671358823776,plate,0.020863397046923637,coffeepot,0.0107386140152812,eggnog,0.006813782267272472,OnePointCrossover,TournamentSelection,4,Conservatism,UniformIntegerMutation,0.05,6,5,15
117,4720,0.6997134685516357,0.6759132146835327,0.6776952743530273,0.635483980178833,40,39.34012891983754,espresso,0.30700814723968506,cup,0.08536568284034729,plate,0.023756038397550583,coffeepot,0.010878427885472775,spatula,0.0066881561651825905,OnePointCrossover,TournamentSelection,4,Conservatism,UniformIntegerMutation,0.05,6,5,15
118,4760,0.7089154124259949,0.6795512437820435,0.6778680086135864,0.641094982624054,40,40.48442212254281,espresso,0.29763174057006836,cup,0.09505803883075714,plate,0.019618650898337364,coffeepot,0.0106165437027812,eggnog,0.006567275617271662,OnePointCrossover,TournamentSelection,4,Conservatism,UniformIntegerMutation,0.05,6,5,15
119,4800,0.7103009223937988,0.6846550107002258,0.6836262941360474,0.6540932655334473,40,42.02118967357254,espresso,0.2965209186077118,cup,0.0954817607998848,plate,0.0214393213391304,coffeepot,0.010610237717628479,eggnog,0.006793792359530926,OnePointCrossover,TournamentSelection,4,Conservatism,UniformIntegerMutation,0.05,6,5,15
120,4840,0.7176687717437744,0.689984917640686,0.6937008500099182,0.6461798548698425,40,43.7060844411756,espresso,0.2895883619785309,cup,0.1022336333990097,plate,0.02120545320212841,coffeepot,0.010587992146611214,eggnog,0.0072866990230977535,OnePointCrossover,TournamentSelection,4,Conservatism,UniformIntegerMutation,0.05,6,5,15
121,4880,0.7280216217041016,0.6968453526496887,0.6980617046356201,0.6703129410743713,40,42.84127454604942,espresso,0.2792854905128479,cup,0.08811005204916,plate,0.021010704338550568,coffeepot,0.0105205737054348,eggnog,0.007330982480198145,OnePointCrossover,TournamentSelection,4,Conservatism,UniformIntegerMutation,0.05,6,5,15
122,4920,0.7313743829727173,0.6998814344406128,0.6979342699050903,0.6594817638397217,40,43.69901371165847,espresso,0.2757839560508728,cup,0.09514038264751434,plate,0.021324124187231064,coffeepot,0.011500312946736813,eggnog,0.007158755324780941,OnePointCrossover,TournamentSelection,4,Conservatism,UniformIntegerMutation,0.05,6,5,15
123,4960,0.732144832611084,0.7089056968688965,0.7094329595565796,0.6839135885238647,40,40.36868262180896,espresso,0.27513229846954346,cup,0.11405526101589203,plate,0.0218734722584486,coffeepot,0.01049122866243124,eggnog,0.007309692446142435,OnePointCrossover,TournamentSelection,4,Conservatism,UniformIntegerMutation,0.05,6,5,15
124,5000,0.7412146329879761,0.7136120796203613,0.7096208333969116,0.688035249710083,40,41.439772119994515,espresso,0.2660020887851715,cup,0.11006344854831696,plate,0.02063736319541931,coffeepot,0.01087181456387043,eggnog,0.007239661179482937,OnePointCrossover,TournamentSelection,4,Conservatism,UniformIntegerMutation,0.05,6,5,15
125,5040,0.7524288296699524,0.7186576128005981,0.7188594341278076,0.6839932203292847,40,41.34062852236975,espresso,0.2557002305984497,cup,0.09815752506256104,plate,0.022155500948429108,coffeepot,0.010465419851243496,eggnog,0.008128729648888111,OnePointCrossover,TournamentSelection,4,Conservatism,UniformIntegerMutation,0.05,6,5,15
126,5080,0.750747561454773,0.7238932251930237,0.7241877913475037,0.6877354979515076,40,40.01516878766058,espresso,0.25720930099487305,cup,0.10148034244775772,plate,0.02177811786532402,coffeepot,0.010605495423078537,eggnog,0.007983277551829815,OnePointCrossover,TournamentSelection,4,Conservatism,UniformIntegerMutation,0.05,6,5,15
127,5120,0.7616533041000366,0.7265831232070923,0.725780725479126,0.6992619037628174,40,38.61729516501136,espresso,0.246391162276268,cup,0.10490284860134125,plate,0.022387241944670677,coffeepot,0.010398222133517265,eggnog,0.008052175864577293,OnePointCrossover,TournamentSelection,4,Conservatism,UniformIntegerMutation,0.05,6,5,15
128,5160,0.7631299495697021,0.7320860624313354,0.7297930717468262,0.7057538628578186,40,36.68234953907888,espresso,0.24505943059921265,cup,0.11249139159917831,plate,0.02359786070883274,coffeepot,0.011809349991381168,eggnog,0.00819403026252985,OnePointCrossover,TournamentSelection,4,Conservatism,UniformIntegerMutation,0.05,6,5,15
129,5200,0.7701951265335083,0.7445887327194214,0.7464666366577148,0.700259804725647,40,37.09079688533916,espresso,0.2377529740333557,cup,0.09986083954572678,plate,0.02357363887131214,coffeepot,0.010895442217588425,eggnog,0.007976447232067585,OnePointCrossover,TournamentSelection,4,Conservatism,UniformIntegerMutation,0.05,6,5,15
130,5240,0.782352089881897,0.7496010065078735,0.7491277456283569,0.729863166809082,40,36.84207891935594,espresso,0.22568760812282562,cup,0.11785471439361572,plate,0.02310994081199169,coffeepot,0.011708761565387249,eggnog,0.008066780865192413,OnePointCrossover,TournamentSelection,4,Conservatism,UniformIntegerMutation,0.05,6,5,15
131,5280,0.7662845849990845,0.7513472437858582,0.753005862236023,0.7198214530944824,40,36.91682264115554,espresso,0.24153313040733337,cup,0.11893660575151443,plate,0.0223216749727726,coffeepot,0.011929110623896122,eggnog,0.007790083531290293,OnePointCrossover,TournamentSelection,4,Conservatism,UniformIntegerMutation,0.05,6,5,15
132,5320,0.772409200668335,0.7515339851379395,0.7526001930236816,0.7247946262359619,40,35.89793041207399,espresso,0.23619408905506134,cup,0.11726805567741394,plate,0.02153009921312332,coffeepot,0.010820412077009678,eggnog,0.008595338091254234,OnePointCrossover,TournamentSelection,4,Conservatism,UniformIntegerMutation,0.05,6,5,15
133,5360,0.7706621885299683,0.7548211216926575,0.7557705640792847,0.7340131402015686,40,34.10139925518441,espresso,0.2369566410779953,cup,0.12385323643684387,plate,0.020425807684659958,coffeepot,0.011142727918922901,eggnog,0.00763269979506731,OnePointCrossover,TournamentSelection,4,Conservatism,UniformIntegerMutation,0.05,6,5,15
134,5400,0.7720625996589661,0.754193127155304,0.7551928162574768,0.728998601436615,40,33.46627300782563,espresso,0.23652353882789612,cup,0.11201614886522293,plate,0.02310933545231819,coffeepot,0.010716298595070839,eggnog,0.00858973152935505,OnePointCrossover,TournamentSelection,4,Conservatism,UniformIntegerMutation,0.05,6,5,15
135,5440,0.7786728143692017,0.7551578283309937,0.7539942860603333,0.7185834646224976,40,32.65798933955211,espresso,0.2297479808330536,cup,0.12924186885356903,plate,0.021562812849879265,coffeepot,0.011502419598400593,eggnog,0.008456401526927948,OnePointCrossover,TournamentSelection,4,Conservatism,UniformIntegerMutation,0.05,6,5,15
136,5480,0.7819098830223083,0.7595158815383911,0.7608047723770142,0.7394776344299316,40,33.116277767186396,espresso,0.22654546797275543,cup,0.14283335208892822,plate,0.019800839945673943,coffeepot,0.01216610986739397,eggnog,0.00844025332480669,OnePointCrossover,TournamentSelection,4,Conservatism,UniformIntegerMutation,0.05,6,5,15
137,5520,0.7834600210189819,0.7636840343475342,0.7641194462776184,0.7421270608901978,40,34.728184493025424,espresso,0.2243582010269165,cup,0.12035933136940002,plate,0.020087048411369324,coffeepot,0.011205525137484074,eggnog,0.007842405699193478,OnePointCrossover,TournamentSelection,4,Conservatism,UniformIntegerMutation,0.05,6,5,15
138,5560,0.7879245281219482,0.7674446105957031,0.768222451210022,0.7305961847305298,40,35.48979563324673,espresso,0.21960817277431488,cup,0.11983705312013626,plate,0.022295817732810974,coffeepot,0.011642870493233204,eggnog,0.0075283413752913475,OnePointCrossover,TournamentSelection,4,Conservatism,UniformIntegerMutation,0.05,6,5,15
139,5600,0.7892671823501587,0.7684041261672974,0.7683720588684082,0.7442450523376465,40,36.00351655652039,espresso,0.2191290706396103,cup,0.1348877251148224,plate,0.021384363994002342,coffeepot,0.011960430070757866,eggnog,0.00837811827659607,OnePointCrossover,TournamentSelection,4,Conservatism,UniformIntegerMutation,0.05,6,5,15
140,5640,0.8054611086845398,0.7730251550674438,0.7753158211708069,0.7447608709335327,40,35.32153763467259,espresso,0.20366184413433075,cup,0.14102952182292938,plate,0.018108565360307693,coffeepot,0.01136673055589199,eggnog,0.009116402827203274,OnePointCrossover,TournamentSelection,4,Conservatism,UniformIntegerMutation,0.05,6,5,15
141,5680,0.7998546361923218,0.776628315448761,0.7742074131965637,0.7608280181884766,40,35.73522955025856,espresso,0.20853273570537567,cup,0.12075573951005936,plate,0.020141543820500374,coffeepot,0.010976315476000309,eggnog,0.008357439190149307,OnePointCrossover,TournamentSelection,4,Conservatism,UniformIntegerMutation,0.05,6,5,15
142,5720,0.811614990234375,0.7817696332931519,0.7817153930664062,0.7555213570594788,40,36.63184935070375,espresso,0.1973239630460739,cup,0.1447102576494217,plate,0.0205520112067461,coffeepot,0.012237570248544216,eggnog,0.008963895961642265,OnePointCrossover,TournamentSelection,4,Conservatism,UniformIntegerMutation,0.05,6,5,15
143,5760,0.8173345327377319,0.7870111465454102,0.7864696979522705,0.7604916095733643,40,35.6339351510807,espresso,0.19182561337947845,cup,0.13230951130390167,plate,0.021140463650226593,coffeepot,0.011593516916036606,eggnog,0.009176749736070633,OnePointCrossover,TournamentSelection,4,Conservatism,UniformIntegerMutation,0.05,6,5,15
144,5800,0.8117659091949463,0.787550687789917,0.7880017757415771,0.757409930229187,40,34.899004384317266,espresso,0.1968499720096588,cup,0.13208353519439697,plate,0.021355347707867622,coffeepot,0.01171331200748682,eggnog,0.008634430356323719,OnePointCrossover,TournamentSelection,4,Conservatism,UniformIntegerMutation,0.05,6,5,15
145,5840,0.8076902031898499,0.7903937101364136,0.7921690940856934,0.7581648826599121,40,32.94681279871447,espresso,0.20085754990577698,cup,0.135568305850029,plate,0.02277115173637867,coffeepot,0.011225614696741104,eggnog,0.008537683635950089,OnePointCrossover,TournamentSelection,4,Conservatism,UniformIntegerMutation,0.05,6,5,15
146,5880,0.8200074434280396,0.7914023399353027,0.792309045791626,0.7731167674064636,40,33.614988808476106,espresso,0.1884390413761139,cup,0.1394784152507782,plate,0.023227637633681297,coffeepot,0.010893958620727062,eggnog,0.00843625608831644,OnePointCrossover,TournamentSelection,4,Conservatism,UniformIntegerMutation,0.05,6,5,15
147,5920,0.8143131732940674,0.7914606332778931,0.7931434512138367,0.7729001045227051,40,34.54175636683944,espresso,0.19406989216804504,cup,0.13336656987667084,plate,0.023267429322004318,coffeepot,0.010998537763953209,eggnog,0.008381410501897335,OnePointCrossover,TournamentSelection,4,Conservatism,UniformIntegerMutation,0.05,6,5,15
148,5960,0.8169322609901428,0.7958125472068787,0.7926205992698669,0.7720954418182373,40,34.12306189095911,espresso,0.1916806846857071,cup,0.13267017900943756,plate,0.023478860035538673,coffeepot,0.011167881079018116,eggnog,0.008603747002780437,OnePointCrossover,TournamentSelection,4,Conservatism,UniformIntegerMutation,0.05,6,5,15
149,6000,0.8273106217384338,0.79865562915802,0.7979437708854675,0.7786825299263,40,33.99540192166237,espresso,0.18148386478424072,cup,0.1352308690547943,plate,0.02323424629867077,coffeepot,0.010672897100448608,eggnog,0.008778806775808334,OnePointCrossover,TournamentSelection,4,Conservatism,UniformIntegerMutation,0.05,6,5,15
150,6040,0.8234658241271973,0.8009912371635437,0.800409197807312,0.7763938903808594,40,35.607693082507524,espresso,0.18488097190856934,cup,0.14630666375160217,plate,0.022959029302001,coffeepot,0.011769252829253674,eggnog,0.008362839929759502,OnePointCrossover,TournamentSelection,4,Conservatism,UniformIntegerMutation,0.05,6,5,15
151,6080,0.8209215402603149,0.8031207919120789,0.8061951398849487,0.7813376188278198,40,37.10524887144835,espresso,0.18739286065101624,cup,0.12281949073076248,plate,0.02250111848115921,coffeepot,0.013652718625962734,eggnog,0.008350583724677563,OnePointCrossover,TournamentSelection,4,Conservatism,UniformIntegerMutation,0.05,6,5,15
152,6120,0.8379201889038086,0.8084526062011719,0.8093563318252563,0.785897970199585,40,37.37827854172979,espresso,0.17172089219093323,cup,0.14585532248020172,plate,0.024477174505591393,coffeepot,0.011036636307835579,eggnog,0.00965017732232809,OnePointCrossover,TournamentSelection,4,Conservatism,UniformIntegerMutation,0.05,6,5,15
153,6160,0.837509036064148,0.8091129064559937,0.8075636625289917,0.7807040810585022,40,39.033830826580335,espresso,0.17152394354343414,cup,0.14391151070594788,plate,0.022669337689876556,coffeepot,0.011111607775092125,eggnog,0.009047433733940125,OnePointCrossover,TournamentSelection,4,Conservatism,UniformIntegerMutation,0.05,6,5,15
154,6200,0.8365739583969116,0.814909815788269,0.8162596225738525,0.7941528558731079,40,38.33208412730043,espresso,0.172483891248703,cup,0.15259461104869843,plate,0.020896099507808685,coffeepot,0.011162444949150085,eggnog,0.00907501857727766,OnePointCrossover,TournamentSelection,4,Conservatism,UniformIntegerMutation,0.05,6,5,15
155,6240,0.8404529094696045,0.817866325378418,0.8184735178947449,0.7976027727127075,40,37.329841378757635,espresso,0.16912628710269928,cup,0.14408399164676666,plate,0.02541842870414257,coffeepot,0.011518586426973343,eggnog,0.009580708108842373,OnePointCrossover,TournamentSelection,4,Conservatism,UniformIntegerMutation,0.05,6,5,15
156,6280,0.8401599526405334,0.8216331601142883,0.821622371673584,0.8022406101226807,40,37.67248009590815,espresso,0.16969984769821167,cup,0.14610685408115387,plate,0.026087701320648193,coffeepot,0.01171804964542389,eggnog,0.009847896173596382,OnePointCrossover,TournamentSelection,4,Conservatism,UniformIntegerMutation,0.05,6,5,15
157,6320,0.8407058119773865,0.8260547518730164,0.82652747631073,0.8071259260177612,40,36.702050371497215,espresso,0.1692441999912262,cup,0.14882145822048187,plate,0.02525188773870468,coffeepot,0.011079887859523296,eggnog,0.009950341656804085,OnePointCrossover,TournamentSelection,4,Conservatism,UniformIntegerMutation,0.05,6,5,15
158,6360,0.8418197631835938,0.8283907771110535,0.8280884623527527,0.809600830078125,40,36.41428869237394,espresso,0.16790370643138885,cup,0.148793026804924,plate,0.026967305690050125,coffeepot,0.011349382810294628,eggnog,0.009730923920869827,OnePointCrossover,TournamentSelection,4,Conservatism,UniformIntegerMutation,0.05,6,5,15
159,6400,0.8401283621788025,0.829475998878479,0.8295836448669434,0.819267749786377,40,36.53366100473058,espresso,0.16937771439552307,cup,0.14779312908649445,plate,0.02492428943514824,coffeepot,0.012588951736688614,eggnog,0.009508606046438217,OnePointCrossover,TournamentSelection,4,Conservatism,UniformIntegerMutation,0.05,6,5,15
160,6440,0.8403050899505615,0.8294280171394348,0.8293968439102173,0.8082273006439209,40,35.844644219336,espresso,0.169955313205719,cup,0.1444215178489685,plate,0.025765491649508476,coffeepot,0.010466578416526318,eggnog,0.010265493765473366,OnePointCrossover,TournamentSelection,4,Conservatism,UniformIntegerMutation,0.05,6,5,15
161,6480,0.8524426221847534,0.8323920965194702,0.8318786025047302,0.819869875907898,40,37.45637828059268,espresso,0.15746214985847473,cup,0.15261703729629517,plate,0.02545035071671009,coffeepot,0.011860267259180546,eggnog,0.00990589614957571,OnePointCrossover,TournamentSelection,4,Conservatism,UniformIntegerMutation,0.05,6,5,15
162,6520,0.8437895774841309,0.8334556818008423,0.8343232870101929,0.8215637803077698,40,38.78673560622814,espresso,0.16625724732875824,cup,0.14814984798431396,plate,0.02257554978132248,coffeepot,0.012148831970989704,eggnog,0.010064980946481228,OnePointCrossover,TournamentSelection,4,Conservatism,UniformIntegerMutation,0.05,6,5,15
163,6560,0.8473119735717773,0.8337810635566711,0.8355118036270142,0.8208504915237427,40,38.98582783042674,espresso,0.16304294764995575,cup,0.14259237051010132,plate,0.022687161341309547,coffeepot,0.01227580476552248,eggnog,0.010328526608645916,OnePointCrossover,TournamentSelection,4,Conservatism,UniformIntegerMutation,0.05,6,5,15
164,6600,0.8498384952545166,0.8347629308700562,0.8351742029190063,0.8167666792869568,40,38.40164782768362,espresso,0.16061684489250183,cup,0.14186705648899078,plate,0.023219764232635498,coffeepot,0.011840715073049068,eggnog,0.010429895482957363,OnePointCrossover,TournamentSelection,4,Conservatism,UniformIntegerMutation,0.05,6,5,15
165,6640,0.8478106260299683,0.8363369107246399,0.8370949029922485,0.8224790096282959,40,37.09449210246151,espresso,0.16131459176540375,cup,0.13373303413391113,plate,0.026494251564145088,coffeepot,0.013726330362260342,eggnog,0.009118492715060711,OnePointCrossover,TournamentSelection,4,Conservatism,UniformIntegerMutation,0.05,6,5,15
166,6680,0.8486108183860779,0.8372303247451782,0.8366098403930664,0.8230383992195129,40,37.76109858915148,espresso,0.1617746353149414,cup,0.1352478414773941,plate,0.025065818801522255,coffeepot,0.011432496830821037,eggnog,0.010372036136686802,OnePointCrossover,TournamentSelection,4,Conservatism,UniformIntegerMutation,0.05,6,5,15
167,6720,0.8536384701728821,0.838661789894104,0.8390486240386963,0.8242318630218506,40,37.27363420694505,espresso,0.1560884565114975,cup,0.13509024679660797,plate,0.024859029799699783,coffeepot,0.0119057921692729,eggnog,0.009726718068122864,OnePointCrossover,TournamentSelection,4,Conservatism,UniformIntegerMutation,0.05,6,5,15
168,6760,0.85330730676651,0.8421579599380493,0.8426436185836792,0.8260519504547119,40,36.533600909401386,espresso,0.15716564655303955,cup,0.13973669707775116,plate,0.025363849475979805,coffeepot,0.012018200941383839,eggnog,0.01047268696129322,OnePointCrossover,TournamentSelection,4,Conservatism,UniformIntegerMutation,0.05,6,5,15
169,6800,0.8570170402526855,0.8412345051765442,0.8411300182342529,0.8300121426582336,40,37.069385367653105,espresso,0.151889368891716,cup,0.12439952045679092,plate,0.02672230824828148,coffeepot,0.011272240430116653,eggnog,0.008907074108719826,OnePointCrossover,TournamentSelection,4,Conservatism,UniformIntegerMutation,0.05,6,5,15
170,6840,0.8577322363853455,0.8444803953170776,0.8449640870094299,0.8284115791320801,40,38.752585924797366,espresso,0.1506403535604477,cup,0.12523981928825378,plate,0.02974786050617695,coffeepot,0.012683112174272537,eggnog,0.008422543294727802,OnePointCrossover,TournamentSelection,4,Conservatism,UniformIntegerMutation,0.05,6,5,15
171,6880,0.861879825592041,0.8465564846992493,0.8468132615089417,0.8319414258003235,40,38.91425914599607,espresso,0.14856795966625214,cup,0.13091708719730377,plate,0.028411606326699257,coffeepot,0.012164338491857052,eggnog,0.01046936959028244,OnePointCrossover,TournamentSelection,4,Conservatism,UniformIntegerMutation,0.05,6,5,15
172,6920,0.8591282367706299,0.8503358960151672,0.8512923121452332,0.8307301998138428,40,38.53906821662766,espresso,0.15209560096263885,cup,0.13355940580368042,plate,0.02755109593272209,coffeepot,0.011524619534611702,eggnog,0.01122545450925827,OnePointCrossover,TournamentSelection,4,Conservatism,UniformIntegerMutation,0.05,6,5,15
173,6960,0.8633866906166077,0.8518093824386597,0.8524908423423767,0.8303663730621338,40,39.63468538548933,espresso,0.14698117971420288,cup,0.12493572384119034,plate,0.026782141998410225,coffeepot,0.01162740308791399,eggnog,0.010372119955718517,OnePointCrossover,TournamentSelection,4,Conservatism,UniformIntegerMutation,0.05,6,5,15
174,7000,0.8641143441200256,0.8528680801391602,0.8539419174194336,0.833186149597168,40,39.10513776649359,espresso,0.1471763700246811,cup,0.1310054063796997,plate,0.0282954853028059,eggnog,0.01128615252673626,coffeepot,0.011025181040167809,OnePointCrossover,TournamentSelection,4,Conservatism,UniformIntegerMutation,0.05,6,5,15
175,7040,0.8639516830444336,0.8545376062393188,0.8550533652305603,0.8351179361343384,40,38.47561573661275,espresso,0.14682884514331818,cup,0.13003236055374146,plate,0.028847046196460724,coffeepot,0.012004955671727657,eggnog,0.010773998685181141,OnePointCrossover,TournamentSelection,4,Conservatism,UniformIntegerMutation,0.05,6,5,15
176,7080,0.8729791641235352,0.8539438247680664,0.854606032371521,0.8349072337150574,40,40.10296035522713,espresso,0.13700082898139954,cup,0.1256682127714157,plate,0.02640530839562416,coffeepot,0.011567228473722935,eggnog,0.009991170838475227,OnePointCrossover,TournamentSelection,4,Conservatism,UniformIntegerMutation,0.05,6,5,15
177,7120,0.8693092465400696,0.8544750213623047,0.8543827533721924,0.8360118269920349,40,41.94394007768289,espresso,0.14017097651958466,cup,0.12126968801021576,plate,0.025815164670348167,coffeepot,0.011512496508657932,eggnog,0.00947568565607071,OnePointCrossover,TournamentSelection,4,Conservatism,UniformIntegerMutation,0.05,6,5,15
178,7160,0.8690539002418518,0.856540322303772,0.8572824001312256,0.8445021510124207,40,41.370131462852775,espresso,0.1407465934753418,cup,0.1316782832145691,plate,0.027737822383642197,coffeepot,0.012632398866117,eggnog,0.00981398206204176,OnePointCrossover,TournamentSelection,4,Conservatism,UniformIntegerMutation,0.05,6,5,15
179,7200,0.870303750038147,0.8566275835037231,0.8567122220993042,0.8414695262908936,40,41.35229300948383,espresso,0.1397836059331894,cup,0.13342717289924622,plate,0.029864655807614326,coffeepot,0.012139393948018551,eggnog,0.010085449554026127,OnePointCrossover,TournamentSelection,4,Conservatism,UniformIntegerMutation,0.05,6,5,15
180,7240,0.8748832941055298,0.8598100543022156,0.8580610752105713,0.8472890853881836,40,39.79263183338507,espresso,0.1349462866783142,cup,0.12215699255466461,plate,0.028746379539370537,coffeepot,0.012380902655422688,eggnog,0.009816315025091171,OnePointCrossover,TournamentSelection,4,Conservatism,UniformIntegerMutation,0.05,6,5,15
181,7280,0.8755407929420471,0.8637229204177856,0.8627961874008179,0.8492751717567444,40,41.43624567540601,espresso,0.1354421228170395,cup,0.12416255474090576,plate,0.03417319804430008,coffeepot,0.012022390030324459,eggnog,0.011006604880094528,OnePointCrossover,TournamentSelection,4,Conservatism,UniformIntegerMutation,0.05,6,5,15
182,7320,0.8748636245727539,0.865161120891571,0.866771936416626,0.8473353385925293,40,43.553784647271264,cup,0.1343703269958496,espresso,0.12931297719478607,plate,0.025789646431803703,coffeepot,0.01273442804813385,eggnog,0.00923359114676714,OnePointCrossover,TournamentSelection,4,Conservatism,UniformIntegerMutation,0.05,6,5,15
183,7360,0.8749110698699951,0.8670692443847656,0.8682870864868164,0.8503478765487671,40,44.9110151459189,espresso,0.1358952820301056,cup,0.13294972479343414,plate,0.030063562095165253,coffeepot,0.013525775633752346,eggnog,0.010816462337970734,OnePointCrossover,TournamentSelection,4,Conservatism,UniformIntegerMutation,0.05,6,5,15
184,7400,0.8756115436553955,0.8672676086425781,0.8677939176559448,0.8548700213432312,40,44.90421852766237,espresso,0.1349376142024994,cup,0.13402159512043,plate,0.030146392062306404,coffeepot,0.012758355587720871,eggnog,0.010555864311754704,OnePointCrossover,TournamentSelection,4,Conservatism,UniformIntegerMutation,0.05,6,5,15
185,7440,0.8769186735153198,0.8676443099975586,0.8686383962631226,0.8562899827957153,40,45.92952415722098,espresso,0.13319577276706696,cup,0.1327357143163681,plate,0.027901869267225266,coffeepot,0.013833166100084782,eggnog,0.010093005374073982,OnePointCrossover,TournamentSelection,4,Conservatism,UniformIntegerMutation,0.05,6,5,15
186,7480,0.8789508938789368,0.8695051074028015,0.8689666986465454,0.8559079170227051,40,46.584642365433176,espresso,0.13042205572128296,cup,0.11018426716327667,plate,0.03159695118665695,coffeepot,0.012303898110985756,spatula,0.009380465373396873,OnePointCrossover,TournamentSelection,4,Conservatism,UniformIntegerMutation,0.05,6,5,15
187,7520,0.8790112733840942,0.8682986497879028,0.86944580078125,0.8537149429321289,40,47.10294818642243,espresso,0.1304410696029663,cup,0.11812093108892441,plate,0.027401508763432503,coffeepot,0.01144358329474926,eggnog,0.009465212002396584,OnePointCrossover,TournamentSelection,4,Conservatism,UniformIntegerMutation,0.05,6,5,15
188,7560,0.8851718306541443,0.8694452047348022,0.8691182136535645,0.851355791091919,40,46.572687845799784,espresso,0.12468624114990234,cup,0.11462122946977615,plate,0.027758382260799408,coffeepot,0.011119632050395012,eggnog,0.009857998229563236,OnePointCrossover,TournamentSelection,4,Conservatism,UniformIntegerMutation,0.05,6,5,15
189,7600,0.8840157985687256,0.872509777545929,0.8732930421829224,0.8428266644477844,40,47.191490276590926,espresso,0.1253238171339035,cup,0.12408769130706787,plate,0.022378548979759216,coffeepot,0.012106465175747871,eggnog,0.009322261437773705,OnePointCrossover,TournamentSelection,4,Conservatism,UniformIntegerMutation,0.05,6,5,15
190,7640,0.886151909828186,0.8727303743362427,0.8735238313674927,0.8546351790428162,40,48.243725702404994,espresso,0.1234029084444046,cup,0.11579835414886475,plate,0.024678615853190422,coffeepot,0.010819531045854092,eggnog,0.009548630565404892,OnePointCrossover,TournamentSelection,4,Conservatism,UniformIntegerMutation,0.05,6,5,15
191,7680,0.8896623849868774,0.8778328895568848,0.8783706426620483,0.8645737767219543,40,44.246806224166804,espresso,0.12023655325174332,cup,0.1101398691534996,plate,0.03072887659072876,coffeepot,0.012859244830906391,spatula,0.009903640486299992,OnePointCrossover,TournamentSelection,4,Conservatism,UniformIntegerMutation,0.05,6,5,15
192,7720,0.8893280625343323,0.8794957995414734,0.879483699798584,0.8652262687683105,40,44.623443740341095,espresso,0.1207197979092598,cup,0.1011229008436203,plate,0.03322697430849075,coffeepot,0.01174964290112257,eggnog,0.010054400190711021,OnePointCrossover,TournamentSelection,4,Conservatism,UniformIntegerMutation,0.05,6,5,15
193,7760,0.885907769203186,0.879141628742218,0.8797067403793335,0.8687222003936768,40,46.381040919841794,espresso,0.12345652282238007,cup,0.11822137236595154,plate,0.024776451289653778,coffeepot,0.01154439989477396,eggnog,0.009357184171676636,OnePointCrossover,TournamentSelection,4,Conservatism,UniformIntegerMutation,0.05,6,5,15
194,7800,0.8895940184593201,0.8795321583747864,0.8786672353744507,0.8697652816772461,40,46.68127580372272,espresso,0.12119957059621811,cup,0.11626267433166504,plate,0.026708127930760384,coffeepot,0.012143119238317013,eggnog,0.01078991312533617,OnePointCrossover,TournamentSelection,4,Conservatism,UniformIntegerMutation,0.05,6,5,15
195,7840,0.8887885212898254,0.8799789547920227,0.8803895711898804,0.8649761080741882,40,40.92711037316539,espresso,0.12139842659235,cup,0.11887554079294205,plate,0.033275287598371506,coffeepot,0.0121826296672225,eggnog,0.010196967050433159,OnePointCrossover,TournamentSelection,4,Conservatism,UniformIntegerMutation,0.05,6,5,15
196,7880,0.8911076784133911,0.8830569982528687,0.8831093311309814,0.8687071204185486,40,37.559747569176395,espresso,0.12039683759212494,cup,0.1174101009964943,plate,0.02628781460225582,coffeepot,0.012039398774504662,eggnog,0.011526250280439854,OnePointCrossover,TournamentSelection,4,Conservatism,UniformIntegerMutation,0.05,6,5,15
197,7920,0.8915746212005615,0.8833997845649719,0.8837140798568726,0.874535322189331,40,38.20727690389683,espresso,0.11906162649393082,cup,0.11840244382619858,plate,0.027570459991693497,coffeepot,0.012333408929407597,eggnog,0.01064330991357565,OnePointCrossover,TournamentSelection,4,Conservatism,UniformIntegerMutation,0.05,6,5,15
198,7960,0.8919561505317688,0.8836843371391296,0.884155809879303,0.8749425411224365,40,37.254931528364075,espresso,0.11779700964689255,cup,0.11258534342050552,plate,0.0326404944062233,coffeepot,0.012889745645225048,eggnog,0.00975530594587326,OnePointCrossover,TournamentSelection,4,Conservatism,UniformIntegerMutation,0.05,6,5,15
199,8000,0.8919758796691895,0.8826302289962769,0.883701741695404,0.857119083404541,40,38.783083206802836,espresso,0.11722411215305328,cup,0.10348587483167648,plate,0.03399350866675377,coffeepot,0.012571483850479126,eggnog,0.009211895056068897,OnePointCrossover,TournamentSelection,4,Conservatism,UniformIntegerMutation,0.05,6,5,15
200,8040,0.8977418541908264,0.885158896446228,0.8850622177124023,0.8765088319778442,40,39.14093489382179,espresso,0.11217768490314484,cup,0.1093287318944931,plate,0.03172276169061661,coffeepot,0.0132917370647192,spatula,0.009907075203955173,OnePointCrossover,TournamentSelection,4,Conservatism,UniformIntegerMutation,0.05,6,5,15
201,8080,0.8988994359970093,0.8846902847290039,0.8850316405296326,0.8651747107505798,40,39.19034930999468,cup,0.11048667877912521,espresso,0.10741045325994492,plate,0.03444985672831535,coffeepot,0.01369071938097477,butternut_squash,0.00937971007078886,OnePointCrossover,TournamentSelection,4,Conservatism,UniformIntegerMutation,0.05,6,5,15
202,8120,0.8988237380981445,0.8874083757400513,0.8880058526992798,0.868550181388855,40,38.941487076487256,cup,0.11105041205883026,espresso,0.10921770334243774,plate,0.03295828402042389,coffeepot,0.01359285693615675,butternut_squash,0.00988035649061203,OnePointCrossover,TournamentSelection,4,Conservatism,UniformIntegerMutation,0.05,6,5,15
203,8160,0.9036831855773926,0.8912086486816406,0.8908636569976807,0.8708258867263794,40,40.599960262449166,espresso,0.10741451382637024,cup,0.10134173184633255,plate,0.0297528225928545,coffeepot,0.011675992049276829,spatula,0.011099787428975105,OnePointCrossover,TournamentSelection,4,Conservatism,UniformIntegerMutation,0.05,6,5,15
204,8200,0.9028295278549194,0.8943597674369812,0.8955129384994507,0.8846714496612549,40,40.17462772534044,cup,0.10758683830499649,espresso,0.10146483033895493,plate,0.02924228087067604,coffeepot,0.012526817619800568,spatula,0.010423867963254452,OnePointCrossover,TournamentSelection,4,Conservatism,UniformIntegerMutation,0.05,6,5,15
205,8240,0.9017320275306702,0.8944412469863892,0.896591305732727,0.8779031038284302,40,40.480097835811776,espresso,0.10805808752775192,cup,0.10246042907238007,plate,0.035227932035923004,coffeepot,0.013242886401712894,butternut_squash,0.009815426543354988,OnePointCrossover,TournamentSelection,4,Conservatism,UniformIntegerMutation,0.05,6,5,15
206,8280,0.901658296585083,0.8952301144599915,0.8961881399154663,0.8818418979644775,40,41.90369735879234,espresso,0.10768598318099976,cup,0.09720493853092194,plate,0.03457934409379959,coffeepot,0.013153214938938618,spatula,0.009344392456114292,OnePointCrossover,TournamentSelection,4,Conservatism,UniformIntegerMutation,0.05,6,5,15
207,8320,0.9036775827407837,0.8963302373886108,0.8966730833053589,0.8837951421737671,40,42.37302534248118,espresso,0.10758315771818161,cup,0.1033044084906578,plate,0.0279399324208498,eggnog,0.01126135140657425,coffeepot,0.011191006749868393,OnePointCrossover,TournamentSelection,4,Conservatism,UniformIntegerMutation,0.05,6,5,15
208,8360,0.909327507019043,0.8968752026557922,0.8982040286064148,0.8844312429428101,40,43.220682098969135,espresso,0.10164079815149307,cup,0.09870736300945282,plate,0.02854873612523079,eggnog,0.010979454033076763,spatula,0.010885212570428848,OnePointCrossover,TournamentSelection,4,Conservatism,UniformIntegerMutation,0.05,6,5,15
209,8400,0.9081036448478699,0.8986625671386719,0.899311900138855,0.8856509327888489,40,41.95724492338132,espresso,0.10261867940425873,cup,0.09153519570827484,plate,0.026741648092865944,coffeepot,0.011029034852981567,eggnog,0.010744084604084492,OnePointCrossover,TournamentSelection,4,Conservatism,UniformIntegerMutation,0.05,6,5,15
210,8440,0.9099552631378174,0.8993002772331238,0.8986070156097412,0.8879742622375488,40,37.948724224722156,espresso,0.10175929218530655,cup,0.10003577917814255,plate,0.030779758468270302,spatula,0.01173804048448801,coffeepot,0.011475416831672192,OnePointCrossover,TournamentSelection,4,Conservatism,UniformIntegerMutation,0.05,6,5,15
211,8480,0.9094668030738831,0.9005525708198547,0.9004130363464355,0.8854509592056274,40,37.361037160895116,espresso,0.10243600606918335,cup,0.0975574180483818,plate,0.030090827494859695,spatula,0.011887870728969574,coffeepot,0.011251208372414112,OnePointCrossover,TournamentSelection,4,Conservatism,UniformIntegerMutation,0.05,6,5,15
212,8520,0.9119795560836792,0.9023072123527527,0.9027206897735596,0.8893644213676453,40,34.134349237499,espresso,0.0992116630077362,cup,0.09137073904275894,plate,0.026989679783582687,eggnog,0.011185718700289726,spatula,0.010943722911179066,OnePointCrossover,TournamentSelection,4,Conservatism,UniformIntegerMutation,0.05,6,5,15
213,8560,0.9137974381446838,0.903532862663269,0.903740644454956,0.8941565155982971,40,33.789753397423354,espresso,0.09906318038702011,cup,0.09712950885295868,plate,0.031148886308073997,wooden_spoon,0.01285533793270588,spatula,0.011647391133010387,OnePointCrossover,TournamentSelection,4,Conservatism,UniformIntegerMutation,0.05,6,5,15
214,8600,0.913317084312439,0.9041186571121216,0.9035351276397705,0.8955702781677246,40,33.48681200437767,espresso,0.09754910320043564,cup,0.09234561026096344,plate,0.03094116970896721,spatula,0.010859238915145397,coffeepot,0.010520445182919502,OnePointCrossover,TournamentSelection,4,Conservatism,UniformIntegerMutation,0.05,6,5,15
215,8640,0.912427544593811,0.9047130346298218,0.905490517616272,0.8929877877235413,40,30.72704387866047,espresso,0.09962720423936844,cup,0.0925578624010086,plate,0.030437052249908447,spatula,0.012060428969562054,wooden_spoon,0.010797488503158092,OnePointCrossover,TournamentSelection,4,Conservatism,UniformIntegerMutation,0.05,6,5,15
216,8680,0.9152140021324158,0.9053152203559875,0.9060492515563965,0.8989113569259644,40,31.530082946694314,espresso,0.09728232026100159,cup,0.09325040876865387,plate,0.03354174643754959,spatula,0.012493775226175785,butternut_squash,0.010828500613570213,OnePointCrossover,TournamentSelection,4,Conservatism,UniformIntegerMutation,0.05,6,5,15
217,8720,0.9152871370315552,0.9058746099472046,0.9053226709365845,0.8975949883460999,40,34.369578541465486,espresso,0.09780745208263397,cup,0.089536651968956,plate,0.032219551503658295,spatula,0.013102274388074875,wooden_spoon,0.011675776913762093,OnePointCrossover,TournamentSelection,4,Conservatism,UniformIntegerMutation,0.05,6,5,15
218,8760,0.9139686822891235,0.9064308404922485,0.9067568778991699,0.8967506885528564,40,33.970514785745095,espresso,0.09823063015937805,cup,0.09122388064861298,plate,0.032502055168151855,spatula,0.012188933789730072,wooden_spoon,0.010955510661005974,OnePointCrossover,TournamentSelection,4,Conservatism,UniformIntegerMutation,0.05,6,5,15
219,8800,0.9206876158714294,0.9075691103935242,0.9071578979492188,0.8968014717102051,40,31.450961062705023,cup,0.09347761422395706,espresso,0.09247367084026337,plate,0.035478342324495316,spatula,0.014161383733153343,wooden_spoon,0.012164202518761158,OnePointCrossover,TournamentSelection,4,Conservatism,UniformIntegerMutation,0.05,6,5,15
220,8840,0.9181084036827087,0.9085672497749329,0.908122718334198,0.8971638083457947,40,31.851779708342526,cup,0.0938352569937706,espresso,0.09278689324855804,plate,0.02762080542743206,eggnog,0.011932246387004852,spatula,0.011651640757918358,OnePointCrossover,TournamentSelection,4,Conservatism,UniformIntegerMutation,0.05,6,5,15
221,8880,0.9225619435310364,0.9111129641532898,0.9130010604858398,0.8968483805656433,40,32.80945181576615,cup,0.09298177808523178,espresso,0.09078672528266907,plate,0.03397413715720177,wooden_spoon,0.01555601041764021,spatula,0.015450752340257168,OnePointCrossover,TournamentSelection,4,Conservatism,UniformIntegerMutation,0.05,6,5,15
222,8920,0.9249933958053589,0.9140661358833313,0.9141181707382202,0.9056914448738098,40,32.17216507253815,cup,0.09040830284357071,espresso,0.09001495689153671,plate,0.03667793795466423,spatula,0.01540369912981987,wooden_spoon,0.015220139175653458,OnePointCrossover,TournamentSelection,4,Conservatism,UniformIntegerMutation,0.05,6,5,15
223,8960,0.9262581467628479,0.9167138338088989,0.9158927202224731,0.9075477123260498,40,29.170286140517117,cup,0.08944255113601685,espresso,0.08671507984399796,plate,0.0376468263566494,wooden_spoon,0.01568463258445263,spatula,0.015136996284127235,OnePointCrossover,TournamentSelection,4,Conservatism,UniformIntegerMutation,0.05,6,5,15
224,9000,0.9256988167762756,0.9187831878662109,0.9189443588256836,0.9093364477157593,40,29.360703288096982,cup,0.08925729990005493,espresso,0.0890377014875412,plate,0.0379888154566288,wooden_spoon,0.014943458139896393,spatula,0.014915935695171356,OnePointCrossover,TournamentSelection,4,Conservatism,UniformIntegerMutation,0.05,6,5,15
225,9040,0.9279130697250366,0.9185657501220703,0.9182394742965698,0.9055304527282715,40,29.62542168934197,espresso,0.08810064941644669,cup,0.08714070171117783,plate,0.03899455815553665,wooden_spoon,0.01602202095091343,spatula,0.014780071564018726,OnePointCrossover,TournamentSelection,4,Conservatism,UniformIntegerMutation,0.05,6,5,15
226,9080,0.9278043508529663,0.9200994372367859,0.9203082919120789,0.9118375182151794,40,30.068039030370905,cup,0.08929084241390228,espresso,0.08826357871294022,plate,0.039954934269189835,wooden_spoon,0.017092008143663406,spatula,0.01496750395745039,OnePointCrossover,TournamentSelection,4,Conservatism,UniformIntegerMutation,0.05,6,5,15
227,9120,0.927187442779541,0.9203003644943237,0.9195221662521362,0.9130190014839172,40,30.654351211971896,cup,0.08794910460710526,espresso,0.08742573857307434,plate,0.036048706620931625,wooden_spoon,0.01512420829385519,spatula,0.015030402690172195,OnePointCrossover,TournamentSelection,4,Conservatism,UniformIntegerMutation,0.05,6,5,15
228,9160,0.9294536709785461,0.9205384254455566,0.9212229251861572,0.9051253795623779,40,32.07550553723395,cup,0.08744213730096817,espresso,0.08629229664802551,plate,0.03620779514312744,spatula,0.01691352389752865,wooden_spoon,0.016563843935728073,OnePointCrossover,TournamentSelection,4,Conservatism,UniformIntegerMutation,0.05,6,5,15
229,9200,0.9267088174819946,0.9218517541885376,0.9219775199890137,0.9083600640296936,40,33.57547888596962,cup,0.09179174154996872,espresso,0.08725247532129288,plate,0.03856798633933067,wooden_spoon,0.018492601811885834,spatula,0.016593409702181816,OnePointCrossover,TournamentSelection,4,Conservatism,UniformIntegerMutation,0.05,6,5,15
230,9240,0.9278945922851562,0.9221780896186829,0.9233064651489258,0.914850115776062,40,35.43970910914022,cup,0.09051616489887238,espresso,0.08722846210002899,plate,0.039294399321079254,wooden_spoon,0.018401609733700752,spatula,0.01616273634135723,OnePointCrossover,TournamentSelection,4,Conservatism,UniformIntegerMutation,0.05,6,5,15
231,9280,0.9276552796363831,0.9209820032119751,0.9216556549072266,0.9103828072547913,40,35.77303565156264,cup,0.09088512510061264,espresso,0.08858174085617065,plate,0.039246778935194016,wooden_spoon,0.018530193716287613,spatula,0.014976304024457932,OnePointCrossover,TournamentSelection,4,Conservatism,UniformIntegerMutation,0.05,6,5,15
232,9320,0.9290200471878052,0.920815110206604,0.9213088750839233,0.9073944091796875,40,36.20943909679945,cup,0.09055133908987045,espresso,0.0894961729645729,plate,0.038345158100128174,wooden_spoon,0.01956012286245823,spatula,0.014834627509117126,OnePointCrossover,TournamentSelection,4,Conservatism,UniformIntegerMutation,0.05,6,5,15
233,9360,0.9305917024612427,0.922398567199707,0.92376708984375,0.9112606048583984,40,35.57548178636675,cup,0.08757325261831284,espresso,0.08351518213748932,plate,0.036166880279779434,wooden_spoon,0.018169282004237175,spatula,0.014877748675644398,OnePointCrossover,TournamentSelection,4,Conservatism,UniformIntegerMutation,0.05,6,5,15
234,9400,0.9314457774162292,0.9239915609359741,0.9245349168777466,0.9155043363571167,40,37.38698085880152,espresso,0.08840599656105042,cup,0.08660876750946045,plate,0.03759467974305153,wooden_spoon,0.019853942096233368,spatula,0.01654656231403351,OnePointCrossover,TournamentSelection,4,Conservatism,UniformIntegerMutation,0.05,6,5,15
235,9440,0.9361317157745361,0.925348162651062,0.9255338907241821,0.9135918021202087,40,39.19702639709967,espresso,0.08305518329143524,cup,0.08271671086549759,plate,0.039487455040216446,wooden_spoon,0.019191566854715347,spatula,0.017715372145175934,OnePointCrossover,TournamentSelection,4,Conservatism,UniformIntegerMutation,0.05,6,5,15
236,9480,0.9447351098060608,0.925350546836853,0.9248833656311035,0.914692223072052,40,40.25783016759457,cup,0.08463156968355179,espresso,0.08436455577611923,plate,0.04209629446268082,wooden_spoon,0.029361436143517494,spatula,0.01923075132071972,OnePointCrossover,TournamentSelection,4,Conservatism,UniformIntegerMutation,0.05,6,5,15
237,9520,0.9423171877861023,0.9268892407417297,0.9263113141059875,0.9115408062934875,40,40.99229909553676,cup,0.08577802777290344,espresso,0.08475419133901596,plate,0.04442354664206505,wooden_spoon,0.028079727664589882,spatula,0.018467236310243607,OnePointCrossover,TournamentSelection,4,Conservatism,UniformIntegerMutation,0.05,6,5,15
238,9560,0.9428561329841614,0.9298474192619324,0.9299687147140503,0.9102555513381958,40,40.022287003352275,espresso,0.08352082967758179,cup,0.07880209386348724,plate,0.04446155205368996,wooden_spoon,0.026374446228146553,spatula,0.01966029591858387,OnePointCrossover,TournamentSelection,4,Conservatism,UniformIntegerMutation,0.05,6,5,15
239,9600,0.9497641324996948,0.9346588253974915,0.9344978332519531,0.9259910583496094,40,34.10021567169345,espresso,0.08106596022844315,cup,0.07476922124624252,plate,0.04423188045620918,wooden_spoon,0.03081502765417099,spatula,0.02008020505309105,OnePointCrossover,TournamentSelection,4,Conservatism,UniformIntegerMutation,0.05,6,5,15
240,9640,0.9520450830459595,0.9363920092582703,0.9354416131973267,0.9254926443099976,40,32.18906521593342,cup,0.07932137697935104,espresso,0.07605456560850143,plate,0.04634792357683182,wooden_spoon,0.031342633068561554,spatula,0.01892212964594364,OnePointCrossover,TournamentSelection,4,Conservatism,UniformIntegerMutation,0.05,6,5,15
241,9680,0.953832745552063,0.9410017132759094,0.9408179521560669,0.9268967509269714,40,34.27168218082827,espresso,0.07904337346553802,cup,0.07467285543680191,plate,0.0440189391374588,wooden_spoon,0.03285851702094078,spatula,0.019204970449209213,OnePointCrossover,TournamentSelection,4,Conservatism,UniformIntegerMutation,0.05,6,5,15
242,9720,0.9575207233428955,0.9452675580978394,0.9454523921012878,0.9292491674423218,40,33.39233591606831,espresso,0.07788883149623871,cup,0.07386711984872818,plate,0.04451478645205498,wooden_spoon,0.03539518639445305,spatula,0.01968921720981598,OnePointCrossover,TournamentSelection,4,Conservatism,UniformIntegerMutation,0.05,6,5,15
243,9760,0.9591489434242249,0.9498239755630493,0.9500336647033691,0.9413065910339355,40,28.597204817159664,espresso,0.07724747806787491,cup,0.07608149945735931,plate,0.04869447648525238,wooden_spoon,0.0364094041287899,spatula,0.02013823576271534,OnePointCrossover,TournamentSelection,4,Conservatism,UniformIntegerMutation,0.05,6,5,15
244,9800,0.9613423347473145,0.9521368145942688,0.9525867700576782,0.9383284449577332,40,28.958439834005528,espresso,0.07446212321519852,cup,0.07404876500368118,plate,0.04314301162958145,wooden_spoon,0.035803720355033875,spatula,0.01956614851951599,OnePointCrossover,TournamentSelection,4,Conservatism,UniformIntegerMutation,0.05,6,5,15
245,9840,0.9690142869949341,0.9542865753173828,0.9540441036224365,0.9461020231246948,40,32.37340291161897,cup,0.0733991488814354,espresso,0.0722956582903862,plate,0.04541459679603577,wooden_spoon,0.042405690997838974,spatula,0.0211546141654253,OnePointCrossover,TournamentSelection,4,Conservatism,UniformIntegerMutation,0.05,6,5,15
246,9880,0.9655777215957642,0.9557812809944153,0.9553778171539307,0.9478790163993835,40,34.37596185398972,cup,0.07635476440191269,espresso,0.07507999986410141,plate,0.048338714987039566,wooden_spoon,0.04193580523133278,spatula,0.01998373121023178,OnePointCrossover,TournamentSelection,4,Conservatism,UniformIntegerMutation,0.05,6,5,15
247,9920,0.9669567942619324,0.957338809967041,0.9576399922370911,0.9487982988357544,40,34.92656458352486,cup,0.07582146674394608,espresso,0.07474219799041748,plate,0.051377106457948685,wooden_spoon,0.04277825728058815,spatula,0.01907166838645935,OnePointCrossover,TournamentSelection,4,Conservatism,UniformIntegerMutation,0.05,6,5,15
248,9960,0.9684540629386902,0.9576901197433472,0.9574465155601501,0.9440756440162659,40,34.76530855216272,espresso,0.07259087264537811,cup,0.07240544259548187,plate,0.05144670605659485,wooden_spoon,0.04102334752678871,spatula,0.019130941480398178,OnePointCrossover,TournamentSelection,4,Conservatism,UniformIntegerMutation,0.05,6,5,15
249,10000,0.970252275466919,0.9594060778617859,0.9591820240020752,0.9450704455375671,40,35.31939275618647,cup,0.07486961781978607,espresso,0.07441198080778122,plate,0.053436581045389175,wooden_spoon,0.0451238714158535,spatula,0.020990578457713127,OnePointCrossover,TournamentSelection,4,Conservatism,UniformIntegerMutation,0.05,6,5,15
250,10040,0.9738121032714844,0.9602632522583008,0.9603865742683411,0.94971764087677,40,35.829824937840556,cup,0.07629161328077316,espresso,0.07410884648561478,plate,0.0529165081679821,wooden_spoon,0.05009697750210762,spatula,0.020292337983846664,OnePointCrossover,TournamentSelection,4,Conservatism,UniformIntegerMutation,0.05,6,5,15
251,10080,0.9753265976905823,0.9625532031059265,0.962824821472168,0.9467231631278992,40,34.43588806215315,espresso,0.07726146280765533,cup,0.07547570019960403,plate,0.05603868141770363,wooden_spoon,0.052609313279390335,spatula,0.021011965349316597,OnePointCrossover,TournamentSelection,4,Conservatism,UniformIntegerMutation,0.05,6,5,15
252,10120,0.9793922901153564,0.9659940004348755,0.9663090705871582,0.9574772715568542,40,36.321598968529706,espresso,0.06720048189163208,cup,0.06714823096990585,wooden_spoon,0.04657340794801712,plate,0.044002778828144073,spatula,0.02211056835949421,OnePointCrossover,TournamentSelection,4,Conservatism,UniformIntegerMutation,0.05,6,5,15
253,10160,0.9805023670196533,0.9674949645996094,0.9677208065986633,0.9572271704673767,40,36.78160978782587,cup,0.07772097736597061,espresso,0.07520513981580734,wooden_spoon,0.058221980929374695,plate,0.04528874158859253,spatula,0.02300475724041462,OnePointCrossover,TournamentSelection,4,Conservatism,UniformIntegerMutation,0.05,6,5,15
254,10200,0.988353431224823,0.97107994556427,0.9707803130149841,0.9512028694152832,40,38.164734593325555,cup,0.07905013114213943,espresso,0.07546178251504898,wooden_spoon,0.06739026308059692,plate,0.05852385237812996,spatula,0.021117137745022774,OnePointCrossover,TournamentSelection,4,Conservatism,UniformIntegerMutation,0.05,6,5,15
255,10240,0.989387571811676,0.9737259149551392,0.9730688333511353,0.9625629186630249,40,39.184045352585755,cup,0.07240667939186096,espresso,0.07162699103355408,wooden_spoon,0.06182672455906868,plate,0.05714717507362366,spatula,0.020832058042287827,OnePointCrossover,TournamentSelection,4,Conservatism,UniformIntegerMutation,0.05,6,5,15
256,10280,0.9922773838043213,0.9755972027778625,0.9746319055557251,0.96183842420578,40,38.854611509728926,cup,0.07420704513788223,espresso,0.07230783998966217,wooden_spoon,0.0664791613817215,plate,0.05801360681653023,spatula,0.02156706340610981,OnePointCrossover,TournamentSelection,4,Conservatism,UniformIntegerMutation,0.05,6,5,15
257,10320,0.9923393726348877,0.9786310195922852,0.9796180725097656,0.9614502191543579,40,37.42657805587833,cup,0.07316306978464127,espresso,0.07249214500188828,wooden_spoon,0.06551268696784973,plate,0.05758063867688179,spatula,0.022080376744270325,OnePointCrossover,TournamentSelection,4,Conservatism,UniformIntegerMutation,0.05,6,5,15
258,10360,0.9924796223640442,0.9801959991455078,0.9789531826972961,0.9628131985664368,40,35.45655137275922,espresso,0.07339762151241302,cup,0.07259070873260498,wooden_spoon,0.06585022807121277,plate,0.05714331939816475,spatula,0.0223346296697855,OnePointCrossover,TournamentSelection,4,Conservatism,UniformIntegerMutation,0.05,6,5,15
259,10400,0.9969951510429382,0.9818261861801147,0.982566237449646,0.9646703600883484,40,35.47791893805237,cup,0.07643112540245056,espresso,0.0746958926320076,wooden_spoon,0.07341356575489044,plate,0.048798270523548126,spatula,0.0243588387966156,OnePointCrossover,TournamentSelection,4,Conservatism,UniformIntegerMutation,0.05,6,5,15
260,10440,1.0037001371383667,0.9833133816719055,0.9831576943397522,0.9629859328269958,40,37.069327798123915,wooden_spoon,0.07429415732622147,espresso,0.07058987766504288,cup,0.06856926530599594,plate,0.056943804025650024,spatula,0.02658623270690441,OnePointCrossover,TournamentSelection,4,Conservatism,UniformIntegerMutation,0.05,6,5,15
261,10480,1.009886384010315,0.9878829717636108,0.9873520135879517,0.9697405695915222,40,40.858620944846386,wooden_spoon,0.0752074271440506,espresso,0.06533370912075043,cup,0.06293591856956482,plate,0.05269016698002815,spatula,0.030587976798415184,OnePointCrossover,TournamentSelection,4,Conservatism,UniformIntegerMutation,0.05,6,5,15
262,10520,1.0090174674987793,0.9916637539863586,0.9926667213439941,0.9617310166358948,40,40.95305213742114,wooden_spoon,0.08363627642393112,espresso,0.07458380609750748,cup,0.07338013499975204,plate,0.052991535514593124,spatula,0.024539286270737648,OnePointCrossover,TournamentSelection,4,Conservatism,UniformIntegerMutation,0.05,6,5,15
263,10560,1.0082130432128906,0.992530345916748,0.9937825202941895,0.9755468368530273,40,40.64539272058331,wooden_spoon,0.0775134414434433,cup,0.06929552555084229,espresso,0.0662761703133583,plate,0.052397072315216064,spatula,0.025518668815493584,OnePointCrossover,TournamentSelection,4,Conservatism,UniformIntegerMutation,0.05,6,5,15
264,10600,1.0068427324295044,0.9948577880859375,0.9956678152084351,0.972827136516571,40,40.517532365398004,wooden_spoon,0.0804862305521965,espresso,0.07363968342542648,cup,0.06752745062112808,plate,0.059159982949495316,spatula,0.02767009660601616,OnePointCrossover,TournamentSelection,4,Conservatism,UniformIntegerMutation,0.05,6,5,15
265,10640,1.0118420124053955,0.997226357460022,0.9972661733627319,0.9768582582473755,40,39.74114038630449,wooden_spoon,0.08043403178453445,espresso,0.06860310584306717,cup,0.06656096130609512,plate,0.0572596974670887,spatula,0.028389496728777885,OnePointCrossover,TournamentSelection,4,Conservatism,UniformIntegerMutation,0.05,6,5,15
266,10680,1.0166016817092896,1.0015623569488525,1.0029969215393066,0.9829999208450317,40,37.23448804797053,wooden_spoon,0.08875821530818939,espresso,0.07212727516889572,cup,0.06669015437364578,plate,0.058348145335912704,spatula,0.029313432052731514,OnePointCrossover,TournamentSelection,4,Conservatism,UniformIntegerMutation,0.05,6,5,15
267,10720,1.0245742797851562,1.0060052871704102,1.00490140914917,0.986525297164917,40,38.11336774760617,wooden_spoon,0.09684588760137558,espresso,0.07227448374032974,cup,0.06687383353710175,plate,0.05957472696900368,spatula,0.02608785778284073,OnePointCrossover,TournamentSelection,4,Conservatism,UniformIntegerMutation,0.05,6,5,15
268,10760,1.0302386283874512,1.010685920715332,1.010878086090088,0.9840313196182251,40,37.40212207937129,wooden_spoon,0.10408486425876617,espresso,0.07383773475885391,cup,0.06904226541519165,plate,0.05940575897693634,spatula,0.026133643463253975,OnePointCrossover,TournamentSelection,4,Conservatism,UniformIntegerMutation,0.05,6,5,15
269,10800,1.034172534942627,1.0120594501495361,1.0127246379852295,0.9899458289146423,40,36.890111112594965,wooden_spoon,0.10454671084880829,espresso,0.07036185264587402,cup,0.06803084909915924,plate,0.05634289234876633,spatula,0.025735802948474884,OnePointCrossover,TournamentSelection,4,Conservatism,UniformIntegerMutation,0.05,6,5,15
270,10840,1.0405428409576416,1.014730453491211,1.014909029006958,0.9959693551063538,40,37.20346001087587,wooden_spoon,0.11133701354265213,cup,0.07082946598529816,espresso,0.0678197368979454,plate,0.06253495067358017,spatula,0.023938609287142754,OnePointCrossover,TournamentSelection,4,Conservatism,UniformIntegerMutation,0.05,6,5,15
271,10880,1.0387846231460571,1.0189487934112549,1.0172536373138428,0.9982650876045227,40,38.6262517757065,wooden_spoon,0.11369344592094421,espresso,0.07487804442644119,cup,0.07151515781879425,plate,0.06237136572599411,spatula,0.024086950346827507,OnePointCrossover,TournamentSelection,4,Conservatism,UniformIntegerMutation,0.05,6,5,15
272,10920,1.0458133220672607,1.0213626623153687,1.0207977294921875,0.9984888434410095,40,37.204011906236005,wooden_spoon,0.11507213860750198,espresso,0.06926698982715607,cup,0.0685608834028244,plate,0.06611229479312897,spatula,0.02435472048819065,OnePointCrossover,TournamentSelection,4,Conservatism,UniformIntegerMutation,0.05,6,5,15
273,10960,1.055422306060791,1.0266679525375366,1.0272616147994995,0.9794155359268188,40,38.22601471600476,wooden_spoon,0.12502606213092804,espresso,0.0696098804473877,cup,0.06663263589143753,plate,0.058699045330286026,spatula,0.02824113890528679,OnePointCrossover,TournamentSelection,4,Conservatism,UniformIntegerMutation,0.05,6,5,15
274,11000,1.0629273653030396,1.0339596271514893,1.0343945026397705,1.014216423034668,40,39.01451370379405,wooden_spoon,0.13134583830833435,cup,0.06840703636407852,espresso,0.06801575422286987,plate,0.06088996306061745,spatula,0.02798496186733246,OnePointCrossover,TournamentSelection,4,Conservatism,UniformIntegerMutation,0.05,6,5,15
275,11040,1.0778276920318604,1.0376899242401123,1.0360406637191772,1.0096632242202759,40,38.09218634480046,wooden_spoon,0.14589664340019226,cup,0.0680362805724144,espresso,0.0678335577249527,plate,0.06096554547548294,spatula,0.027101676911115646,OnePointCrossover,TournamentSelection,4,Conservatism,UniformIntegerMutation,0.05,6,5,15
276,11080,1.0833072662353516,1.049349069595337,1.0495657920837402,1.0095598697662354,40,38.345769950782525,wooden_spoon,0.16361021995544434,espresso,0.08030758798122406,cup,0.06883607059717178,plate,0.05886893346905708,spatula,0.025116702541708946,OnePointCrossover,TournamentSelection,4,Conservatism,UniformIntegerMutation,0.05,6,5,15
277,11120,1.0891308784484863,1.0580594539642334,1.0595399141311646,1.0291143655776978,40,41.277743268277725,wooden_spoon,0.15787115693092346,cup,0.0687175765633583,plate,0.06698986887931824,espresso,0.06660424172878265,spatula,0.02573760598897934,OnePointCrossover,TournamentSelection,4,Conservatism,UniformIntegerMutation,0.05,6,5,15
278,11160,1.1030290126800537,1.0640965700149536,1.068967342376709,1.0262407064437866,40,41.39563179975197,wooden_spoon,0.17298267781734467,espresso,0.06993082165718079,cup,0.0639672800898552,plate,0.06260824203491211,spatula,0.0259451474994421,OnePointCrossover,TournamentSelection,4,Conservatism,UniformIntegerMutation,0.05,6,5,15
279,11200,1.1213555335998535,1.072419285774231,1.072242021560669,1.0191556215286255,40,42.96760350550514,wooden_spoon,0.19268396496772766,espresso,0.07141879200935364,plate,0.06375377625226974,cup,0.06000899896025658,spatula,0.025629904121160507,OnePointCrossover,TournamentSelection,4,Conservatism,UniformIntegerMutation,0.05,6,5,15
280,11240,1.1270710229873657,1.0826709270477295,1.0822818279266357,1.0502551794052124,40,43.25495515977312,wooden_spoon,0.18935175240039825,espresso,0.0623299665749073,plate,0.06206931546330452,cup,0.050939302891492844,spatula,0.029411818832159042,OnePointCrossover,TournamentSelection,4,Conservatism,UniformIntegerMutation,0.05,6,5,15
281,11280,1.1340961456298828,1.0889087915420532,1.08681321144104,1.0400397777557373,40,44.041947585429476,wooden_spoon,0.2008250206708908,espresso,0.06678920239210129,plate,0.06461574137210846,cup,0.054632607847452164,spatula,0.03303695470094681,OnePointCrossover,TournamentSelection,4,Conservatism,UniformIntegerMutation,0.05,6,5,15
282,11320,1.1727734804153442,1.1042611598968506,1.1037859916687012,1.0598137378692627,40,43.320225336131216,wooden_spoon,0.23974394798278809,espresso,0.0670071467757225,plate,0.05976825952529907,cup,0.05514420568943024,spatula,0.02977629378437996,OnePointCrossover,TournamentSelection,4,Conservatism,UniformIntegerMutation,0.05,6,5,15
283,11360,1.1737090349197388,1.1130344867706299,1.1093108654022217,1.0828343629837036,40,42.06803685853579,wooden_spoon,0.24050892889499664,espresso,0.06681016832590103,plate,0.05146622285246849,cup,0.05056576058268547,spatula,0.03375037759542465,OnePointCrossover,TournamentSelection,4,Conservatism,UniformIntegerMutation,0.05,6,5,15
284,11400,1.177080750465393,1.119077444076538,1.1200661659240723,1.0801385641098022,40,37.644249487801524,wooden_spoon,0.24113532900810242,espresso,0.06407393515110016,cup,0.051747094839811325,plate,0.05100630223751068,spatula,0.03303402662277222,OnePointCrossover,TournamentSelection,4,Conservatism,UniformIntegerMutation,0.05,6,5,15
285,11440,1.1925957202911377,1.1264413595199585,1.1270604133605957,1.0709024667739868,40,35.2208645776851,wooden_spoon,0.2582142651081085,espresso,0.0655880868434906,cup,0.049603383988142014,plate,0.04824806749820709,spatula,0.032111190259456635,OnePointCrossover,TournamentSelection,4,Conservatism,UniformIntegerMutation,0.05,6,5,15
286,11480,1.1993436813354492,1.1433647871017456,1.139520525932312,1.1017855405807495,40,32.45901372940031,wooden_spoon,0.26893362402915955,espresso,0.06953904032707214,plate,0.049954406917095184,cup,0.04788000509142876,spatula,0.03134279325604439,OnePointCrossover,TournamentSelection,4,Conservatism,UniformIntegerMutation,0.05,6,5,15
287,11520,1.2220439910888672,1.160767674446106,1.1608712673187256,1.1019669771194458,40,31.099484789861602,wooden_spoon,0.28173837065696716,espresso,0.05965464562177658,plate,0.04833953082561493,cup,0.04535852372646332,spatula,0.033381130546331406,OnePointCrossover,TournamentSelection,4,Conservatism,UniformIntegerMutation,0.05,6,5,15
